model,fpr,tpr
LR (claim amount only),0.0,0.0
LR (claim amount only),0.00018825301204819278,0.0
LR (claim amount only),0.00037650602409638556,0.0
LR (claim amount only),0.00037650602409638556,0.0014534883720930232
LR (claim amount only),0.0005647590361445783,0.0014534883720930232
LR (claim amount only),0.0005647590361445783,0.0029069767441860465
LR (claim amount only),0.002259036144578313,0.0029069767441860465
LR (claim amount only),0.002259036144578313,0.00436046511627907
LR (claim amount only),0.003200301204819277,0.00436046511627907
LR (claim amount only),0.003200301204819277,0.007267441860465116
LR (claim amount only),0.00338855421686747,0.007267441860465116
LR (claim amount only),0.00338855421686747,0.00872093023255814
LR (claim amount only),0.005459337349397591,0.00872093023255814
LR (claim amount only),0.005459337349397591,0.010174418604651164
LR (claim amount only),0.006588855421686747,0.010174418604651164
LR (claim amount only),0.006588855421686747,0.011627906976744186
LR (claim amount only),0.00809487951807229,0.011627906976744186
LR (claim amount only),0.00809487951807229,0.01308139534883721
LR (claim amount only),0.008471385542168674,0.01308139534883721
LR (claim amount only),0.008471385542168674,0.014534883720930232
LR (claim amount only),0.008659638554216868,0.014534883720930232
LR (claim amount only),0.008659638554216868,0.015988372093023256
LR (claim amount only),0.009224397590361446,0.015988372093023256
LR (claim amount only),0.009224397590361446,0.01744186046511628
LR (claim amount only),0.009600903614457831,0.01744186046511628
LR (claim amount only),0.009600903614457831,0.020348837209302327
LR (claim amount only),0.009789156626506024,0.020348837209302327
LR (claim amount only),0.009789156626506024,0.02180232558139535
LR (claim amount only),0.01016566265060241,0.02180232558139535
LR (claim amount only),0.01016566265060241,0.023255813953488372
LR (claim amount only),0.010918674698795181,0.023255813953488372
LR (claim amount only),0.010918674698795181,0.024709302325581394
LR (claim amount only),0.012048192771084338,0.024709302325581394
LR (claim amount only),0.012048192771084338,0.02616279069767442
LR (claim amount only),0.013365963855421686,0.02616279069767442
LR (claim amount only),0.013365963855421686,0.027616279069767442
LR (claim amount only),0.014683734939759037,0.027616279069767442
LR (claim amount only),0.014683734939759037,0.029069767441860465
LR (claim amount only),0.015625,0.029069767441860465
LR (claim amount only),0.015625,0.030523255813953487
LR (claim amount only),0.017319277108433735,0.030523255813953487
LR (claim amount only),0.017319277108433735,0.03197674418604651
LR (claim amount only),0.018072289156626505,0.03197674418604651
LR (claim amount only),0.018072289156626505,0.03343023255813953
LR (claim amount only),0.01957831325301205,0.03343023255813953
LR (claim amount only),0.01957831325301205,0.036337209302325583
LR (claim amount only),0.02371987951807229,0.036337209302325583
LR (claim amount only),0.02371987951807229,0.0377906976744186
LR (claim amount only),0.026920180722891568,0.0377906976744186
LR (claim amount only),0.026920180722891568,0.03924418604651163
LR (claim amount only),0.029367469879518073,0.03924418604651163
LR (claim amount only),0.029367469879518073,0.04215116279069767
LR (claim amount only),0.029555722891566265,0.04215116279069767
LR (claim amount only),0.029555722891566265,0.0436046511627907
LR (claim amount only),0.030308734939759035,0.0436046511627907
LR (claim amount only),0.030308734939759035,0.04505813953488372
LR (claim amount only),0.03068524096385542,0.04505813953488372
LR (claim amount only),0.03068524096385542,0.04796511627906977
LR (claim amount only),0.030873493975903613,0.04796511627906977
LR (claim amount only),0.030873493975903613,0.04941860465116279
LR (claim amount only),0.03162650602409638,0.04941860465116279
LR (claim amount only),0.03162650602409638,0.050872093023255814
LR (claim amount only),0.03219126506024096,0.050872093023255814
LR (claim amount only),0.03219126506024096,0.05232558139534884
LR (claim amount only),0.03237951807228916,0.05232558139534884
LR (claim amount only),0.03237951807228916,0.05377906976744186
LR (claim amount only),0.03275602409638554,0.05377906976744186
LR (claim amount only),0.03275602409638554,0.059593023255813955
LR (claim amount only),0.03426204819277109,0.059593023255813955
LR (claim amount only),0.03426204819277109,0.061046511627906974
LR (claim amount only),0.03463855421686747,0.061046511627906974
LR (claim amount only),0.03463855421686747,0.0625
LR (claim amount only),0.03576807228915663,0.0625
LR (claim amount only),0.03576807228915663,0.06395348837209303
LR (claim amount only),0.03614457831325301,0.06395348837209303
LR (claim amount only),0.03614457831325301,0.06540697674418605
LR (claim amount only),0.036897590361445784,0.06540697674418605
LR (claim amount only),0.036897590361445784,0.06686046511627906
LR (claim amount only),0.0389683734939759,0.06686046511627906
LR (claim amount only),0.0389683734939759,0.06831395348837209
LR (claim amount only),0.039344879518072286,0.06831395348837209
LR (claim amount only),0.039344879518072286,0.07122093023255814
LR (claim amount only),0.04009789156626506,0.07122093023255814
LR (claim amount only),0.04009789156626506,0.07267441860465117
LR (claim amount only),0.04103915662650602,0.07267441860465117
LR (claim amount only),0.04103915662650602,0.07412790697674419
LR (claim amount only),0.04235692771084337,0.07412790697674419
LR (claim amount only),0.04235692771084337,0.0755813953488372
LR (claim amount only),0.04348644578313253,0.0755813953488372
LR (claim amount only),0.04348644578313253,0.07994186046511628
LR (claim amount only),0.043674698795180725,0.07994186046511628
LR (claim amount only),0.043674698795180725,0.08284883720930232
LR (claim amount only),0.04536897590361446,0.08284883720930232
LR (claim amount only),0.04536897590361446,0.08430232558139535
LR (claim amount only),0.046875,0.08430232558139535
LR (claim amount only),0.046875,0.08575581395348837
LR (claim amount only),0.04838102409638554,0.08575581395348837
LR (claim amount only),0.04838102409638554,0.08866279069767442
LR (claim amount only),0.05026355421686747,0.08866279069767442
LR (claim amount only),0.05026355421686747,0.09011627906976744
LR (claim amount only),0.05120481927710843,0.09011627906976744
LR (claim amount only),0.05120481927710843,0.09156976744186046
LR (claim amount only),0.05515813253012048,0.09156976744186046
LR (claim amount only),0.05515813253012048,0.09302325581395349
LR (claim amount only),0.055534638554216864,0.09302325581395349
LR (claim amount only),0.055534638554216864,0.09447674418604651
LR (claim amount only),0.05779367469879518,0.09447674418604651
LR (claim amount only),0.05779367469879518,0.09593023255813954
LR (claim amount only),0.05854668674698795,0.09593023255813954
LR (claim amount only),0.05854668674698795,0.09738372093023256
LR (claim amount only),0.05911144578313253,0.09738372093023256
LR (claim amount only),0.05911144578313253,0.1002906976744186
LR (claim amount only),0.06099397590361446,0.1002906976744186
LR (claim amount only),0.06099397590361446,0.10174418604651163
LR (claim amount only),0.0625,0.10174418604651163
LR (claim amount only),0.0625,0.10319767441860465
LR (claim amount only),0.06325301204819277,0.10319767441860465
LR (claim amount only),0.06325301204819277,0.10465116279069768
LR (claim amount only),0.06419427710843373,0.10465116279069768
LR (claim amount only),0.06419427710843373,0.10755813953488372
LR (claim amount only),0.06626506024096386,0.10755813953488372
LR (claim amount only),0.06626506024096386,0.10901162790697674
LR (claim amount only),0.06645331325301204,0.10901162790697674
LR (claim amount only),0.06645331325301204,0.1119186046511628
LR (claim amount only),0.06664156626506024,0.1119186046511628
LR (claim amount only),0.06664156626506024,0.11337209302325581
LR (claim amount only),0.06701807228915663,0.11337209302325581
LR (claim amount only),0.06701807228915663,0.11627906976744186
LR (claim amount only),0.06946536144578314,0.11627906976744186
LR (claim amount only),0.06946536144578314,0.11773255813953488
LR (claim amount only),0.07153614457831325,0.11773255813953488
LR (claim amount only),0.07153614457831325,0.11918604651162791
LR (claim amount only),0.07172439759036145,0.11918604651162791
LR (claim amount only),0.07172439759036145,0.12063953488372094
LR (claim amount only),0.07210090361445783,0.12063953488372094
LR (claim amount only),0.07210090361445783,0.12209302325581395
LR (claim amount only),0.0730421686746988,0.12209302325581395
LR (claim amount only),0.0730421686746988,0.12354651162790697
LR (claim amount only),0.07398343373493976,0.12354651162790697
LR (claim amount only),0.07398343373493976,0.125
LR (claim amount only),0.07473644578313253,0.125
LR (claim amount only),0.07473644578313253,0.12936046511627908
LR (claim amount only),0.07661897590361445,0.12936046511627908
LR (claim amount only),0.07661897590361445,0.1308139534883721
LR (claim amount only),0.07756024096385543,0.1308139534883721
LR (claim amount only),0.07756024096385543,0.13226744186046513
LR (claim amount only),0.078125,0.13226744186046513
LR (claim amount only),0.078125,0.13372093023255813
LR (claim amount only),0.08226656626506024,0.13372093023255813
LR (claim amount only),0.08226656626506024,0.13517441860465115
LR (claim amount only),0.08358433734939759,0.13517441860465115
LR (claim amount only),0.08358433734939759,0.13662790697674418
LR (claim amount only),0.08452560240963855,0.13662790697674418
LR (claim amount only),0.08452560240963855,0.1380813953488372
LR (claim amount only),0.08565512048192771,0.1380813953488372
LR (claim amount only),0.08565512048192771,0.14098837209302326
LR (claim amount only),0.08697289156626506,0.14098837209302326
LR (claim amount only),0.08697289156626506,0.14244186046511628
LR (claim amount only),0.08810240963855422,0.14244186046511628
LR (claim amount only),0.08810240963855422,0.1438953488372093
LR (claim amount only),0.09017319277108433,0.1438953488372093
LR (claim amount only),0.09017319277108433,0.14534883720930233
LR (claim amount only),0.09186746987951808,0.14534883720930233
LR (claim amount only),0.09186746987951808,0.14680232558139536
LR (claim amount only),0.09657379518072289,0.14680232558139536
LR (claim amount only),0.09657379518072289,0.14970930232558138
LR (claim amount only),0.09751506024096386,0.14970930232558138
LR (claim amount only),0.09751506024096386,0.1511627906976744
LR (claim amount only),0.0988328313253012,0.1511627906976744
LR (claim amount only),0.0988328313253012,0.15261627906976744
LR (claim amount only),0.09977409638554217,0.15261627906976744
LR (claim amount only),0.09977409638554217,0.15406976744186046
LR (claim amount only),0.10033885542168675,0.15406976744186046
LR (claim amount only),0.10033885542168675,0.1555232558139535
LR (claim amount only),0.10278614457831325,0.1555232558139535
LR (claim amount only),0.10278614457831325,0.1569767441860465
LR (claim amount only),0.10297439759036145,0.1569767441860465
LR (claim amount only),0.10297439759036145,0.15843023255813954
LR (claim amount only),0.10372740963855422,0.15843023255813954
LR (claim amount only),0.10372740963855422,0.15988372093023256
LR (claim amount only),0.10391566265060241,0.15988372093023256
LR (claim amount only),0.10391566265060241,0.1613372093023256
LR (claim amount only),0.10485692771084337,0.1613372093023256
LR (claim amount only),0.10485692771084337,0.16424418604651161
LR (claim amount only),0.10542168674698796,0.16424418604651161
LR (claim amount only),0.10542168674698796,0.16715116279069767
LR (claim amount only),0.10862198795180723,0.16715116279069767
LR (claim amount only),0.10862198795180723,0.1686046511627907
LR (claim amount only),0.10881024096385543,0.1686046511627907
LR (claim amount only),0.10881024096385543,0.17005813953488372
LR (claim amount only),0.11012801204819277,0.17005813953488372
LR (claim amount only),0.11012801204819277,0.17151162790697674
LR (claim amount only),0.11502259036144578,0.17151162790697674
LR (claim amount only),0.11502259036144578,0.1744186046511628
LR (claim amount only),0.11558734939759036,0.1744186046511628
LR (claim amount only),0.11558734939759036,0.17587209302325582
LR (claim amount only),0.11634036144578314,0.17587209302325582
LR (claim amount only),0.11634036144578314,0.17732558139534885
LR (claim amount only),0.11671686746987951,0.17732558139534885
LR (claim amount only),0.11671686746987951,0.17877906976744187
LR (claim amount only),0.1172816265060241,0.17877906976744187
LR (claim amount only),0.1172816265060241,0.18023255813953487
LR (claim amount only),0.11784638554216867,0.18023255813953487
LR (claim amount only),0.11784638554216867,0.1816860465116279
LR (claim amount only),0.12161144578313253,0.1816860465116279
LR (claim amount only),0.12161144578313253,0.18313953488372092
LR (claim amount only),0.12179969879518072,0.18313953488372092
LR (claim amount only),0.12179969879518072,0.18604651162790697
LR (claim amount only),0.12330572289156627,0.18604651162790697
LR (claim amount only),0.12330572289156627,0.1875
LR (claim amount only),0.1253765060240964,0.1875
LR (claim amount only),0.1253765060240964,0.18895348837209303
LR (claim amount only),0.12650602409638553,0.18895348837209303
LR (claim amount only),0.12650602409638553,0.19040697674418605
LR (claim amount only),0.12669427710843373,0.19040697674418605
LR (claim amount only),0.12669427710843373,0.19186046511627908
LR (claim amount only),0.12707078313253012,0.19186046511627908
LR (claim amount only),0.12707078313253012,0.1933139534883721
LR (claim amount only),0.1274472891566265,0.1933139534883721
LR (claim amount only),0.1274472891566265,0.19476744186046513
LR (claim amount only),0.1276355421686747,0.19476744186046513
LR (claim amount only),0.1276355421686747,0.19622093023255813
LR (claim amount only),0.12838855421686746,0.19622093023255813
LR (claim amount only),0.12838855421686746,0.19767441860465115
LR (claim amount only),0.12914156626506024,0.19767441860465115
LR (claim amount only),0.12914156626506024,0.19912790697674418
LR (claim amount only),0.1304593373493976,0.19912790697674418
LR (claim amount only),0.1304593373493976,0.2005813953488372
LR (claim amount only),0.13290662650602408,0.2005813953488372
LR (claim amount only),0.13290662650602408,0.20203488372093023
LR (claim amount only),0.1355421686746988,0.20203488372093023
LR (claim amount only),0.1355421686746988,0.20348837209302326
LR (claim amount only),0.13573042168674698,0.20348837209302326
LR (claim amount only),0.13573042168674698,0.20494186046511628
LR (claim amount only),0.13667168674698796,0.20494186046511628
LR (claim amount only),0.13667168674698796,0.2063953488372093
LR (claim amount only),0.13704819277108435,0.2063953488372093
LR (claim amount only),0.13704819277108435,0.20784883720930233
LR (claim amount only),0.1374246987951807,0.20784883720930233
LR (claim amount only),0.1374246987951807,0.20930232558139536
LR (claim amount only),0.1381777108433735,0.20930232558139536
LR (claim amount only),0.1381777108433735,0.21220930232558138
LR (claim amount only),0.1383659638554217,0.21220930232558138
LR (claim amount only),0.1383659638554217,0.2136627906976744
LR (claim amount only),0.13855421686746988,0.2136627906976744
LR (claim amount only),0.13855421686746988,0.21511627906976744
LR (claim amount only),0.140625,0.21511627906976744
LR (claim amount only),0.140625,0.21656976744186046
LR (claim amount only),0.14194277108433734,0.21656976744186046
LR (claim amount only),0.14194277108433734,0.2180232558139535
LR (claim amount only),0.1430722891566265,0.2180232558139535
LR (claim amount only),0.1430722891566265,0.2194767441860465
LR (claim amount only),0.14495481927710843,0.2194767441860465
LR (claim amount only),0.14495481927710843,0.22093023255813954
LR (claim amount only),0.14533132530120482,0.22093023255813954
LR (claim amount only),0.14533132530120482,0.22238372093023256
LR (claim amount only),0.14740210843373494,0.22238372093023256
LR (claim amount only),0.14740210843373494,0.2238372093023256
LR (claim amount only),0.14759036144578314,0.2238372093023256
LR (claim amount only),0.14759036144578314,0.22529069767441862
LR (claim amount only),0.14777861445783133,0.22529069767441862
LR (claim amount only),0.14777861445783133,0.22819767441860464
LR (claim amount only),0.14834337349397592,0.22819767441860464
LR (claim amount only),0.14834337349397592,0.22965116279069767
LR (claim amount only),0.14853162650602408,0.22965116279069767
LR (claim amount only),0.14853162650602408,0.2311046511627907
LR (claim amount only),0.15041415662650603,0.2311046511627907
LR (claim amount only),0.15041415662650603,0.23401162790697674
LR (claim amount only),0.15173192771084337,0.23401162790697674
LR (claim amount only),0.15173192771084337,0.2369186046511628
LR (claim amount only),0.15210843373493976,0.2369186046511628
LR (claim amount only),0.15210843373493976,0.23837209302325582
LR (claim amount only),0.15436746987951808,0.23837209302325582
LR (claim amount only),0.15436746987951808,0.23982558139534885
LR (claim amount only),0.15493222891566266,0.23982558139534885
LR (claim amount only),0.15493222891566266,0.24127906976744187
LR (claim amount only),0.1558734939759036,0.24127906976744187
LR (claim amount only),0.1558734939759036,0.24273255813953487
LR (claim amount only),0.1560617469879518,0.24273255813953487
LR (claim amount only),0.1560617469879518,0.2441860465116279
LR (claim amount only),0.15813253012048192,0.2441860465116279
LR (claim amount only),0.15813253012048192,0.24563953488372092
LR (claim amount only),0.1586972891566265,0.24563953488372092
LR (claim amount only),0.1586972891566265,0.24709302325581395
LR (claim amount only),0.1617093373493976,0.24709302325581395
LR (claim amount only),0.1617093373493976,0.24854651162790697
LR (claim amount only),0.16189759036144577,0.24854651162790697
LR (claim amount only),0.16189759036144577,0.25
LR (claim amount only),0.16472138554216867,0.25
LR (claim amount only),0.16472138554216867,0.251453488372093
LR (claim amount only),0.1667921686746988,0.251453488372093
LR (claim amount only),0.1667921686746988,0.25290697674418605
LR (claim amount only),0.16829819277108435,0.25290697674418605
LR (claim amount only),0.16829819277108435,0.2543604651162791
LR (claim amount only),0.17243975903614459,0.2543604651162791
LR (claim amount only),0.17243975903614459,0.2558139534883721
LR (claim amount only),0.17262801204819278,0.2558139534883721
LR (claim amount only),0.17262801204819278,0.25726744186046513
LR (claim amount only),0.17620481927710843,0.25726744186046513
LR (claim amount only),0.17620481927710843,0.25872093023255816
LR (claim amount only),0.17865210843373494,0.25872093023255816
LR (claim amount only),0.17865210843373494,0.2601744186046512
LR (claim amount only),0.18317018072289157,0.2601744186046512
LR (claim amount only),0.18317018072289157,0.2616279069767442
LR (claim amount only),0.18354668674698796,0.2616279069767442
LR (claim amount only),0.18354668674698796,0.26308139534883723
LR (claim amount only),0.18637048192771086,0.26308139534883723
LR (claim amount only),0.18637048192771086,0.26453488372093026
LR (claim amount only),0.18957078313253012,0.26453488372093026
LR (claim amount only),0.18957078313253012,0.26598837209302323
LR (claim amount only),0.19145331325301204,0.26598837209302323
LR (claim amount only),0.19145331325301204,0.26744186046511625
LR (claim amount only),0.1927710843373494,0.26744186046511625
LR (claim amount only),0.1927710843373494,0.2688953488372093
LR (claim amount only),0.19578313253012047,0.2688953488372093
LR (claim amount only),0.19578313253012047,0.2703488372093023
LR (claim amount only),0.19615963855421686,0.2703488372093023
LR (claim amount only),0.19615963855421686,0.27180232558139533
LR (claim amount only),0.1980421686746988,0.27180232558139533
LR (claim amount only),0.1980421686746988,0.27325581395348836
LR (claim amount only),0.19823042168674698,0.27325581395348836
LR (claim amount only),0.19823042168674698,0.2747093023255814
LR (claim amount only),0.19917168674698796,0.2747093023255814
LR (claim amount only),0.19917168674698796,0.2761627906976744
LR (claim amount only),0.1999246987951807,0.2761627906976744
LR (claim amount only),0.1999246987951807,0.27761627906976744
LR (claim amount only),0.2003012048192771,0.27761627906976744
LR (claim amount only),0.2003012048192771,0.27906976744186046
LR (claim amount only),0.20199548192771086,0.27906976744186046
LR (claim amount only),0.20199548192771086,0.2805232558139535
LR (claim amount only),0.2035015060240964,0.2805232558139535
LR (claim amount only),0.2035015060240964,0.2819767441860465
LR (claim amount only),0.2053840361445783,0.2819767441860465
LR (claim amount only),0.2053840361445783,0.28343023255813954
LR (claim amount only),0.2083960843373494,0.28343023255813954
LR (claim amount only),0.2083960843373494,0.28488372093023256
LR (claim amount only),0.20877259036144577,0.28488372093023256
LR (claim amount only),0.20877259036144577,0.2863372093023256
LR (claim amount only),0.20990210843373494,0.2863372093023256
LR (claim amount only),0.20990210843373494,0.2877906976744186
LR (claim amount only),0.21046686746987953,0.2877906976744186
LR (claim amount only),0.21046686746987953,0.28924418604651164
LR (claim amount only),0.21121987951807228,0.28924418604651164
LR (claim amount only),0.21121987951807228,0.29069767441860467
LR (claim amount only),0.21272590361445784,0.29069767441860467
LR (claim amount only),0.21272590361445784,0.2921511627906977
LR (claim amount only),0.21536144578313254,0.2921511627906977
LR (claim amount only),0.21536144578313254,0.2936046511627907
LR (claim amount only),0.2155496987951807,0.2936046511627907
LR (claim amount only),0.2155496987951807,0.29505813953488375
LR (claim amount only),0.21780873493975902,0.29505813953488375
LR (claim amount only),0.21780873493975902,0.29651162790697677
LR (claim amount only),0.21987951807228914,0.29651162790697677
LR (claim amount only),0.21987951807228914,0.29796511627906974
LR (claim amount only),0.22270331325301204,0.29796511627906974
LR (claim amount only),0.22270331325301204,0.29941860465116277
LR (claim amount only),0.22326807228915663,0.29941860465116277
LR (claim amount only),0.22326807228915663,0.3023255813953488
LR (claim amount only),0.22345632530120482,0.3023255813953488
LR (claim amount only),0.22345632530120482,0.30377906976744184
LR (claim amount only),0.2238328313253012,0.30377906976744184
LR (claim amount only),0.2238328313253012,0.30523255813953487
LR (claim amount only),0.22722138554216867,0.30523255813953487
LR (claim amount only),0.22722138554216867,0.3081395348837209
LR (claim amount only),0.22740963855421686,0.3081395348837209
LR (claim amount only),0.22740963855421686,0.311046511627907
LR (claim amount only),0.23079819277108435,0.311046511627907
LR (claim amount only),0.23079819277108435,0.3125
LR (claim amount only),0.2315512048192771,0.3125
LR (claim amount only),0.2315512048192771,0.313953488372093
LR (claim amount only),0.2347515060240964,0.313953488372093
LR (claim amount only),0.2347515060240964,0.31540697674418605
LR (claim amount only),0.23569277108433734,0.31540697674418605
LR (claim amount only),0.23569277108433734,0.3168604651162791
LR (claim amount only),0.2396460843373494,0.3168604651162791
LR (claim amount only),0.2396460843373494,0.3183139534883721
LR (claim amount only),0.2398343373493976,0.3183139534883721
LR (claim amount only),0.2398343373493976,0.31976744186046513
LR (claim amount only),0.24115210843373494,0.31976744186046513
LR (claim amount only),0.24115210843373494,0.3226744186046512
LR (claim amount only),0.24246987951807228,0.3226744186046512
LR (claim amount only),0.24246987951807228,0.3241279069767442
LR (claim amount only),0.24341114457831325,0.3241279069767442
LR (claim amount only),0.24341114457831325,0.32558139534883723
LR (claim amount only),0.24378765060240964,0.32558139534883723
LR (claim amount only),0.24378765060240964,0.32703488372093026
LR (claim amount only),0.24849397590361447,0.32703488372093026
LR (claim amount only),0.24849397590361447,0.32848837209302323
LR (claim amount only),0.25,0.32848837209302323
LR (claim amount only),0.25,0.32994186046511625
LR (claim amount only),0.2545180722891566,0.32994186046511625
LR (claim amount only),0.2545180722891566,0.3313953488372093
LR (claim amount only),0.2601656626506024,0.3313953488372093
LR (claim amount only),0.2601656626506024,0.3328488372093023
LR (claim amount only),0.26468373493975905,0.3328488372093023
LR (claim amount only),0.26468373493975905,0.33430232558139533
LR (claim amount only),0.26713102409638556,0.33430232558139533
LR (claim amount only),0.26713102409638556,0.3372093023255814
LR (claim amount only),0.26750753012048195,0.3372093023255814
LR (claim amount only),0.26750753012048195,0.34011627906976744
LR (claim amount only),0.2707078313253012,0.34011627906976744
LR (claim amount only),0.2707078313253012,0.34156976744186046
LR (claim amount only),0.2710843373493976,0.34156976744186046
LR (claim amount only),0.2710843373493976,0.3430232558139535
LR (claim amount only),0.2744728915662651,0.3430232558139535
LR (claim amount only),0.2744728915662651,0.3444767441860465
LR (claim amount only),0.27503765060240964,0.3444767441860465
LR (claim amount only),0.27503765060240964,0.34593023255813954
LR (claim amount only),0.27692018072289154,0.34593023255813954
LR (claim amount only),0.27692018072289154,0.3488372093023256
LR (claim amount only),0.28012048192771083,0.3488372093023256
LR (claim amount only),0.28012048192771083,0.3502906976744186
LR (claim amount only),0.28313253012048195,0.3502906976744186
LR (claim amount only),0.28313253012048195,0.35319767441860467
LR (claim amount only),0.2835090361445783,0.35319767441860467
LR (claim amount only),0.2835090361445783,0.3546511627906977
LR (claim amount only),0.28557981927710846,0.3546511627906977
LR (claim amount only),0.28557981927710846,0.3561046511627907
LR (claim amount only),0.2908509036144578,0.3561046511627907
LR (claim amount only),0.2908509036144578,0.35755813953488375
LR (claim amount only),0.29254518072289154,0.35755813953488375
LR (claim amount only),0.29254518072289154,0.36046511627906974
LR (claim amount only),0.2940512048192771,0.36046511627906974
LR (claim amount only),0.2940512048192771,0.36191860465116277
LR (claim amount only),0.29518072289156627,0.36191860465116277
LR (claim amount only),0.29518072289156627,0.3633720930232558
LR (claim amount only),0.29631024096385544,0.3633720930232558
LR (claim amount only),0.29631024096385544,0.3648255813953488
LR (claim amount only),0.2989457831325301,0.3648255813953488
LR (claim amount only),0.2989457831325301,0.36627906976744184
LR (claim amount only),0.3013930722891566,0.36627906976744184
LR (claim amount only),0.3013930722891566,0.36773255813953487
LR (claim amount only),0.30308734939759036,0.36773255813953487
LR (claim amount only),0.30308734939759036,0.3691860465116279
LR (claim amount only),0.3049698795180723,0.3691860465116279
LR (claim amount only),0.3049698795180723,0.3706395348837209
LR (claim amount only),0.31118222891566266,0.3706395348837209
LR (claim amount only),0.31118222891566266,0.37209302325581395
LR (claim amount only),0.3157003012048193,0.37209302325581395
LR (claim amount only),0.3157003012048193,0.373546511627907
LR (claim amount only),0.3189006024096386,0.373546511627907
LR (claim amount only),0.3189006024096386,0.375
LR (claim amount only),0.31908885542168675,0.375
LR (claim amount only),0.31908885542168675,0.376453488372093
LR (claim amount only),0.32228915662650603,0.376453488372093
LR (claim amount only),0.32228915662650603,0.3793604651162791
LR (claim amount only),0.32379518072289154,0.3793604651162791
LR (claim amount only),0.32379518072289154,0.3808139534883721
LR (claim amount only),0.3253012048192771,0.3808139534883721
LR (claim amount only),0.3253012048192771,0.38226744186046513
LR (claim amount only),0.3258659638554217,0.38226744186046513
LR (claim amount only),0.3258659638554217,0.38372093023255816
LR (claim amount only),0.3260542168674699,0.38372093023255816
LR (claim amount only),0.3260542168674699,0.3851744186046512
LR (claim amount only),0.32680722891566266,0.3851744186046512
LR (claim amount only),0.32680722891566266,0.3866279069767442
LR (claim amount only),0.32756024096385544,0.3866279069767442
LR (claim amount only),0.32756024096385544,0.38808139534883723
LR (claim amount only),0.32868975903614456,0.38808139534883723
LR (claim amount only),0.32868975903614456,0.38953488372093026
LR (claim amount only),0.3309487951807229,0.38953488372093026
LR (claim amount only),0.3309487951807229,0.39098837209302323
LR (claim amount only),0.33151355421686746,0.39098837209302323
LR (claim amount only),0.33151355421686746,0.39244186046511625
LR (claim amount only),0.33226656626506024,0.39244186046511625
LR (claim amount only),0.33226656626506024,0.3938953488372093
LR (claim amount only),0.3332078313253012,0.3938953488372093
LR (claim amount only),0.3332078313253012,0.3953488372093023
LR (claim amount only),0.3358433734939759,0.3953488372093023
LR (claim amount only),0.3358433734939759,0.39825581395348836
LR (claim amount only),0.3411144578313253,0.39825581395348836
LR (claim amount only),0.3411144578313253,0.3997093023255814
LR (claim amount only),0.3413027108433735,0.3997093023255814
LR (claim amount only),0.3413027108433735,0.4011627906976744
LR (claim amount only),0.3433734939759036,0.4011627906976744
LR (claim amount only),0.3433734939759036,0.40261627906976744
LR (claim amount only),0.34544427710843373,0.40261627906976744
LR (claim amount only),0.34544427710843373,0.40406976744186046
LR (claim amount only),0.3469503012048193,0.40406976744186046
LR (claim amount only),0.3469503012048193,0.4069767441860465
LR (claim amount only),0.3473268072289157,0.4069767441860465
LR (claim amount only),0.3473268072289157,0.40843023255813954
LR (claim amount only),0.34807981927710846,0.40843023255813954
LR (claim amount only),0.34807981927710846,0.40988372093023256
LR (claim amount only),0.3492093373493976,0.40988372093023256
LR (claim amount only),0.3492093373493976,0.4113372093023256
LR (claim amount only),0.35071536144578314,0.4113372093023256
LR (claim amount only),0.35071536144578314,0.4127906976744186
LR (claim amount only),0.3546686746987952,0.4127906976744186
LR (claim amount only),0.3546686746987952,0.41424418604651164
LR (claim amount only),0.3569277108433735,0.41424418604651164
LR (claim amount only),0.3569277108433735,0.41569767441860467
LR (claim amount only),0.3571159638554217,0.41569767441860467
LR (claim amount only),0.3571159638554217,0.4171511627906977
LR (claim amount only),0.3586219879518072,0.4171511627906977
LR (claim amount only),0.3586219879518072,0.4186046511627907
LR (claim amount only),0.3614457831325301,0.4186046511627907
LR (claim amount only),0.3614457831325301,0.42005813953488375
LR (claim amount only),0.3620105421686747,0.42005813953488375
LR (claim amount only),0.3620105421686747,0.42151162790697677
LR (claim amount only),0.3629518072289157,0.42151162790697677
LR (claim amount only),0.3629518072289157,0.42296511627906974
LR (claim amount only),0.3646460843373494,0.42296511627906974
LR (claim amount only),0.3646460843373494,0.42441860465116277
LR (claim amount only),0.3665286144578313,0.42441860465116277
LR (claim amount only),0.3667168674698795,0.4258720930232558
LR (claim amount only),0.3676581325301205,0.4258720930232558
LR (claim amount only),0.3676581325301205,0.4273255813953488
LR (claim amount only),0.3704819277108434,0.4273255813953488
LR (claim amount only),0.37085843373493976,0.4273255813953488
LR (claim amount only),0.37161144578313254,0.4273255813953488
LR (claim amount only),0.37161144578313254,0.42877906976744184
LR (claim amount only),0.37311746987951805,0.42877906976744184
LR (claim amount only),0.37311746987951805,0.43023255813953487
LR (claim amount only),0.37349397590361444,0.43023255813953487
LR (claim amount only),0.37349397590361444,0.4316860465116279
LR (claim amount only),0.3753765060240964,0.4316860465116279
LR (claim amount only),0.3753765060240964,0.4331395348837209
LR (claim amount only),0.37556475903614456,0.4331395348837209
LR (claim amount only),0.37556475903614456,0.43459302325581395
LR (claim amount only),0.37594126506024095,0.43459302325581395
LR (claim amount only),0.37594126506024095,0.4375
LR (claim amount only),0.37688253012048195,0.4375
LR (claim amount only),0.37688253012048195,0.44040697674418605
LR (claim amount only),0.3782003012048193,0.44040697674418605
LR (claim amount only),0.3782003012048193,0.4418604651162791
LR (claim amount only),0.37838855421686746,0.4418604651162791
LR (claim amount only),0.37838855421686746,0.4433139534883721
LR (claim amount only),0.38196536144578314,0.4433139534883721
LR (claim amount only),0.38196536144578314,0.44476744186046513
LR (claim amount only),0.3825301204819277,0.44476744186046513
LR (claim amount only),0.3825301204819277,0.44622093023255816
LR (claim amount only),0.38441265060240964,0.44622093023255816
LR (claim amount only),0.38441265060240964,0.4476744186046512
LR (claim amount only),0.3846009036144578,0.4476744186046512
LR (claim amount only),0.3846009036144578,0.4491279069767442
LR (claim amount only),0.3849774096385542,0.4491279069767442
LR (claim amount only),0.3849774096385542,0.45058139534883723
LR (claim amount only),0.38685993975903615,0.45058139534883723
LR (claim amount only),0.38685993975903615,0.45348837209302323
LR (claim amount only),0.3878012048192771,0.45348837209302323
LR (claim amount only),0.3878012048192771,0.45494186046511625
LR (claim amount only),0.38968373493975905,0.45494186046511625
LR (claim amount only),0.38968373493975905,0.4563953488372093
LR (claim amount only),0.39006024096385544,0.4563953488372093
LR (claim amount only),0.39006024096385544,0.4578488372093023
LR (claim amount only),0.39043674698795183,0.4578488372093023
LR (claim amount only),0.39043674698795183,0.45930232558139533
LR (claim amount only),0.3934487951807229,0.45930232558139533
LR (claim amount only),0.3934487951807229,0.4622093023255814
LR (claim amount only),0.39363704819277107,0.4622093023255814
LR (claim amount only),0.39363704819277107,0.4636627906976744
LR (claim amount only),0.39439006024096385,0.4636627906976744
LR (claim amount only),0.39439006024096385,0.46511627906976744
LR (claim amount only),0.3951430722891566,0.46511627906976744
LR (claim amount only),0.3951430722891566,0.46656976744186046
LR (claim amount only),0.3958960843373494,0.46656976744186046
LR (claim amount only),0.3958960843373494,0.4680232558139535
LR (claim amount only),0.3985316265060241,0.4680232558139535
LR (claim amount only),0.3985316265060241,0.47093023255813954
LR (claim amount only),0.39928463855421686,0.47093023255813954
LR (claim amount only),0.39928463855421686,0.47238372093023256
LR (claim amount only),0.41566265060240964,0.47238372093023256
LR (claim amount only),0.41566265060240964,0.4738372093023256
LR (claim amount only),0.4167921686746988,0.4738372093023256
LR (claim amount only),0.4167921686746988,0.4752906976744186
LR (claim amount only),0.4190512048192771,0.4752906976744186
LR (claim amount only),0.4190512048192771,0.47674418604651164
LR (claim amount only),0.4192394578313253,0.47674418604651164
LR (claim amount only),0.4192394578313253,0.47819767441860467
LR (claim amount only),0.4196159638554217,0.47819767441860467
LR (claim amount only),0.4196159638554217,0.4796511627906977
LR (claim amount only),0.4214984939759036,0.4796511627906977
LR (claim amount only),0.4214984939759036,0.4811046511627907
LR (claim amount only),0.42281626506024095,0.4811046511627907
LR (claim amount only),0.42281626506024095,0.48255813953488375
LR (claim amount only),0.42601656626506024,0.48255813953488375
LR (claim amount only),0.42601656626506024,0.48546511627906974
LR (claim amount only),0.42620481927710846,0.48546511627906974
LR (claim amount only),0.42620481927710846,0.48691860465116277
LR (claim amount only),0.4273343373493976,0.48691860465116277
LR (claim amount only),0.4273343373493976,0.4883720930232558
LR (claim amount only),0.4327936746987952,0.4883720930232558
LR (claim amount only),0.4327936746987952,0.4898255813953488
LR (claim amount only),0.4378765060240964,0.4898255813953488
LR (claim amount only),0.4378765060240964,0.49127906976744184
LR (claim amount only),0.4407003012048193,0.49127906976744184
LR (claim amount only),0.4407003012048193,0.49273255813953487
LR (claim amount only),0.4435240963855422,0.49273255813953487
LR (claim amount only),0.4435240963855422,0.4941860465116279
LR (claim amount only),0.4455948795180723,0.4941860465116279
LR (claim amount only),0.4455948795180723,0.4956395348837209
LR (claim amount only),0.4499246987951807,0.4956395348837209
LR (claim amount only),0.4499246987951807,0.498546511627907
LR (claim amount only),0.4506777108433735,0.498546511627907
LR (claim amount only),0.4506777108433735,0.501453488372093
LR (claim amount only),0.45256024096385544,0.501453488372093
LR (claim amount only),0.45256024096385544,0.502906976744186
LR (claim amount only),0.45425451807228917,0.502906976744186
LR (claim amount only),0.45425451807228917,0.5043604651162791
LR (claim amount only),0.45463102409638556,0.5043604651162791
LR (claim amount only),0.45463102409638556,0.5058139534883721
LR (claim amount only),0.45481927710843373,0.5058139534883721
LR (claim amount only),0.45481927710843373,0.5087209302325582
LR (claim amount only),0.4553840361445783,0.5087209302325582
LR (claim amount only),0.4553840361445783,0.5101744186046512
LR (claim amount only),0.45689006024096385,0.5101744186046512
LR (claim amount only),0.45689006024096385,0.5116279069767442
LR (claim amount only),0.4582078313253012,0.5116279069767442
LR (claim amount only),0.4582078313253012,0.5130813953488372
LR (claim amount only),0.4614081325301205,0.5130813953488372
LR (claim amount only),0.4614081325301205,0.5159883720930233
LR (claim amount only),0.4623493975903614,0.5159883720930233
LR (claim amount only),0.4623493975903614,0.5174418604651163
LR (claim amount only),0.46442018072289154,0.5174418604651163
LR (claim amount only),0.46442018072289154,0.5203488372093024
LR (claim amount only),0.4713855421686747,0.5203488372093024
LR (claim amount only),0.4713855421686747,0.5218023255813954
LR (claim amount only),0.47307981927710846,0.5218023255813954
LR (claim amount only),0.47307981927710846,0.5247093023255814
LR (claim amount only),0.4732680722891566,0.5247093023255814
LR (claim amount only),0.4732680722891566,0.5261627906976745
LR (claim amount only),0.47458584337349397,0.5261627906976745
LR (claim amount only),0.47458584337349397,0.5276162790697675
LR (claim amount only),0.4762801204819277,0.5276162790697675
LR (claim amount only),0.4762801204819277,0.5290697674418605
LR (claim amount only),0.4766566265060241,0.5290697674418605
LR (claim amount only),0.4766566265060241,0.5305232558139535
LR (claim amount only),0.4768448795180723,0.5305232558139535
LR (claim amount only),0.4768448795180723,0.5319767441860465
LR (claim amount only),0.4779743975903614,0.5319767441860465
LR (claim amount only),0.4779743975903614,0.5334302325581395
LR (claim amount only),0.479480421686747,0.5334302325581395
LR (claim amount only),0.479480421686747,0.5348837209302325
LR (claim amount only),0.4815512048192771,0.5348837209302325
LR (claim amount only),0.4815512048192771,0.5363372093023255
LR (claim amount only),0.48268072289156627,0.5363372093023255
LR (claim amount only),0.48268072289156627,0.5377906976744186
LR (claim amount only),0.48418674698795183,0.5377906976744186
LR (claim amount only),0.48418674698795183,0.5392441860465116
LR (claim amount only),0.4851280120481928,0.5392441860465116
LR (claim amount only),0.4851280120481928,0.5406976744186046
LR (claim amount only),0.4870105421686747,0.5406976744186046
LR (claim amount only),0.4870105421686747,0.5421511627906976
LR (claim amount only),0.4871987951807229,0.5421511627906976
LR (claim amount only),0.4871987951807229,0.5436046511627907
LR (claim amount only),0.48851656626506024,0.5436046511627907
LR (claim amount only),0.48851656626506024,0.5450581395348837
LR (claim amount only),0.4900225903614458,0.5450581395348837
LR (claim amount only),0.4900225903614458,0.5465116279069767
LR (claim amount only),0.4924698795180723,0.5465116279069767
LR (claim amount only),0.4924698795180723,0.5479651162790697
LR (claim amount only),0.4926581325301205,0.5479651162790697
LR (claim amount only),0.4926581325301205,0.5508720930232558
LR (claim amount only),0.49567018072289154,0.5508720930232558
LR (claim amount only),0.49567018072289154,0.5523255813953488
LR (claim amount only),0.4964231927710843,0.5523255813953488
LR (claim amount only),0.4964231927710843,0.5537790697674418
LR (claim amount only),0.4979292168674699,0.5537790697674418
LR (claim amount only),0.4979292168674699,0.5552325581395349
LR (claim amount only),0.49887048192771083,0.5552325581395349
LR (claim amount only),0.49887048192771083,0.5566860465116279
LR (claim amount only),0.5001882530120482,0.5566860465116279
LR (claim amount only),0.5001882530120482,0.5581395348837209
LR (claim amount only),0.5030120481927711,0.5581395348837209
LR (claim amount only),0.5030120481927711,0.559593023255814
LR (claim amount only),0.5079066265060241,0.559593023255814
LR (claim amount only),0.5079066265060241,0.561046511627907
LR (claim amount only),0.5084713855421686,0.561046511627907
LR (claim amount only),0.5084713855421686,0.5625
LR (claim amount only),0.5086596385542169,0.5625
LR (claim amount only),0.5086596385542169,0.563953488372093
LR (claim amount only),0.5122364457831325,0.563953488372093
LR (claim amount only),0.5122364457831325,0.565406976744186
LR (claim amount only),0.5186370481927711,0.565406976744186
LR (claim amount only),0.5186370481927711,0.5668604651162791
LR (claim amount only),0.521460843373494,0.5668604651162791
LR (claim amount only),0.521460843373494,0.5683139534883721
LR (claim amount only),0.5265436746987951,0.5683139534883721
LR (claim amount only),0.5265436746987951,0.5697674418604651
LR (claim amount only),0.5286144578313253,0.5697674418604651
LR (claim amount only),0.5286144578313253,0.5712209302325582
LR (claim amount only),0.5306852409638554,0.5712209302325582
LR (claim amount only),0.5306852409638554,0.5726744186046512
LR (claim amount only),0.5335090361445783,0.5726744186046512
LR (claim amount only),0.5335090361445783,0.5741279069767442
LR (claim amount only),0.5355798192771084,0.5741279069767442
LR (claim amount only),0.5355798192771084,0.5770348837209303
LR (claim amount only),0.5357680722891566,0.5770348837209303
LR (claim amount only),0.5357680722891566,0.5784883720930233
LR (claim amount only),0.5367093373493976,0.5784883720930233
LR (claim amount only),0.5367093373493976,0.5813953488372093
LR (claim amount only),0.537085843373494,0.5813953488372093
LR (claim amount only),0.537085843373494,0.5828488372093024
LR (claim amount only),0.5378388554216867,0.5828488372093024
LR (claim amount only),0.5378388554216867,0.5843023255813954
LR (claim amount only),0.5384036144578314,0.5843023255813954
LR (claim amount only),0.5384036144578314,0.5857558139534884
LR (claim amount only),0.5429216867469879,0.5857558139534884
LR (claim amount only),0.5429216867469879,0.5872093023255814
LR (claim amount only),0.5446159638554217,0.5872093023255814
LR (claim amount only),0.5446159638554217,0.5886627906976745
LR (claim amount only),0.5470632530120482,0.5886627906976745
LR (claim amount only),0.5470632530120482,0.5901162790697675
LR (claim amount only),0.5504518072289156,0.5901162790697675
LR (claim amount only),0.5504518072289156,0.5915697674418605
LR (claim amount only),0.552710843373494,0.5915697674418605
LR (claim amount only),0.552710843373494,0.5930232558139535
LR (claim amount only),0.5564759036144579,0.5930232558139535
LR (claim amount only),0.5564759036144579,0.5944767441860465
LR (claim amount only),0.556664156626506,0.5944767441860465
LR (claim amount only),0.556664156626506,0.5959302325581395
LR (claim amount only),0.5581701807228916,0.5959302325581395
LR (claim amount only),0.5581701807228916,0.5973837209302325
LR (claim amount only),0.5649472891566265,0.5973837209302325
LR (claim amount only),0.5649472891566265,0.5988372093023255
LR (claim amount only),0.5662650602409639,0.5988372093023255
LR (claim amount only),0.5662650602409639,0.6002906976744186
LR (claim amount only),0.5672063253012049,0.6002906976744186
LR (claim amount only),0.5672063253012049,0.6017441860465116
LR (claim amount only),0.5675828313253012,0.6017441860465116
LR (claim amount only),0.5675828313253012,0.6031976744186046
LR (claim amount only),0.5681475903614458,0.6031976744186046
LR (claim amount only),0.5681475903614458,0.6061046511627907
LR (claim amount only),0.5696536144578314,0.6061046511627907
LR (claim amount only),0.5696536144578314,0.6075581395348837
LR (claim amount only),0.5719126506024096,0.6075581395348837
LR (claim amount only),0.5719126506024096,0.6090116279069767
LR (claim amount only),0.5721009036144579,0.6090116279069767
LR (claim amount only),0.5721009036144579,0.6104651162790697
LR (claim amount only),0.5760542168674698,0.6104651162790697
LR (claim amount only),0.5760542168674698,0.6119186046511628
LR (claim amount only),0.5773719879518072,0.6119186046511628
LR (claim amount only),0.5773719879518072,0.6133720930232558
LR (claim amount only),0.5835843373493976,0.6133720930232558
LR (claim amount only),0.5835843373493976,0.6148255813953488
LR (claim amount only),0.5841490963855421,0.6148255813953488
LR (claim amount only),0.5841490963855421,0.6162790697674418
LR (claim amount only),0.5843373493975904,0.6162790697674418
LR (claim amount only),0.5843373493975904,0.6177325581395349
LR (claim amount only),0.5845256024096386,0.6177325581395349
LR (claim amount only),0.5845256024096386,0.6191860465116279
LR (claim amount only),0.5847138554216867,0.6191860465116279
LR (claim amount only),0.5847138554216867,0.6206395348837209
LR (claim amount only),0.5875376506024096,0.6206395348837209
LR (claim amount only),0.5875376506024096,0.622093023255814
LR (claim amount only),0.5882906626506024,0.622093023255814
LR (claim amount only),0.5882906626506024,0.623546511627907
LR (claim amount only),0.5894201807228916,0.623546511627907
LR (claim amount only),0.5894201807228916,0.625
LR (claim amount only),0.5897966867469879,0.625
LR (claim amount only),0.5897966867469879,0.627906976744186
LR (claim amount only),0.5958207831325302,0.627906976744186
LR (claim amount only),0.5958207831325302,0.6293604651162791
LR (claim amount only),0.5960090361445783,0.6293604651162791
LR (claim amount only),0.5960090361445783,0.6308139534883721
LR (claim amount only),0.5969503012048193,0.6308139534883721
LR (claim amount only),0.5969503012048193,0.6337209302325582
LR (claim amount only),0.5990210843373494,0.6337209302325582
LR (claim amount only),0.5990210843373494,0.6351744186046512
LR (claim amount only),0.5997740963855421,0.6351744186046512
LR (claim amount only),0.5997740963855421,0.6366279069767442
LR (claim amount only),0.6020331325301205,0.6366279069767442
LR (claim amount only),0.6020331325301205,0.6380813953488372
LR (claim amount only),0.6029743975903614,0.6380813953488372
LR (claim amount only),0.6029743975903614,0.6395348837209303
LR (claim amount only),0.6065512048192772,0.6395348837209303
LR (claim amount only),0.6065512048192772,0.6409883720930233
LR (claim amount only),0.6082454819277109,0.6409883720930233
LR (claim amount only),0.6082454819277109,0.6438953488372093
LR (claim amount only),0.6106927710843374,0.6438953488372093
LR (claim amount only),0.6106927710843374,0.6453488372093024
LR (claim amount only),0.6116340361445783,0.6453488372093024
LR (claim amount only),0.6116340361445783,0.6468023255813954
LR (claim amount only),0.6140813253012049,0.6468023255813954
LR (claim amount only),0.6140813253012049,0.6482558139534884
LR (claim amount only),0.6161521084337349,0.6482558139534884
LR (claim amount only),0.6161521084337349,0.6497093023255814
LR (claim amount only),0.6165286144578314,0.6497093023255814
LR (claim amount only),0.6165286144578314,0.6511627906976745
LR (claim amount only),0.6167168674698795,0.6511627906976745
LR (claim amount only),0.6167168674698795,0.6526162790697675
LR (claim amount only),0.6170933734939759,0.6526162790697675
LR (claim amount only),0.6170933734939759,0.6540697674418605
LR (claim amount only),0.6172816265060241,0.6540697674418605
LR (claim amount only),0.6172816265060241,0.6569767441860465
LR (claim amount only),0.6185993975903614,0.6569767441860465
LR (claim amount only),0.6185993975903614,0.6584302325581395
LR (claim amount only),0.6212349397590361,0.6584302325581395
LR (claim amount only),0.6212349397590361,0.6598837209302325
LR (claim amount only),0.6214231927710844,0.6598837209302325
LR (claim amount only),0.6214231927710844,0.6627906976744186
LR (claim amount only),0.6221762048192772,0.6627906976744186
LR (claim amount only),0.6221762048192772,0.6642441860465116
LR (claim amount only),0.6225527108433735,0.6642441860465116
LR (claim amount only),0.6225527108433735,0.6656976744186046
LR (claim amount only),0.6242469879518072,0.6656976744186046
LR (claim amount only),0.6242469879518072,0.6671511627906976
LR (claim amount only),0.625,0.6671511627906976
LR (claim amount only),0.625,0.6686046511627907
LR (claim amount only),0.6251882530120482,0.6686046511627907
LR (claim amount only),0.6251882530120482,0.6700581395348837
LR (claim amount only),0.6253765060240963,0.6700581395348837
LR (claim amount only),0.6253765060240963,0.6715116279069767
LR (claim amount only),0.625941265060241,0.6715116279069767
LR (claim amount only),0.6263177710843374,0.6715116279069767
LR (claim amount only),0.6282003012048193,0.6715116279069767
LR (claim amount only),0.6282003012048193,0.6729651162790697
LR (claim amount only),0.6291415662650602,0.6729651162790697
LR (claim amount only),0.6291415662650602,0.6744186046511628
LR (claim amount only),0.6295180722891566,0.6744186046511628
LR (claim amount only),0.6295180722891566,0.6773255813953488
LR (claim amount only),0.6338478915662651,0.6773255813953488
LR (claim amount only),0.6338478915662651,0.6787790697674418
LR (claim amount only),0.6349774096385542,0.6787790697674418
LR (claim amount only),0.6349774096385542,0.6802325581395349
LR (claim amount only),0.6362951807228916,0.6802325581395349
LR (claim amount only),0.6362951807228916,0.6831395348837209
LR (claim amount only),0.6370481927710844,0.6831395348837209
LR (claim amount only),0.6370481927710844,0.684593023255814
LR (claim amount only),0.6374246987951807,0.684593023255814
LR (claim amount only),0.6374246987951807,0.686046511627907
LR (claim amount only),0.6393072289156626,0.686046511627907
LR (claim amount only),0.6393072289156626,0.6875
LR (claim amount only),0.6432605421686747,0.6875
LR (claim amount only),0.6432605421686747,0.688953488372093
LR (claim amount only),0.6436370481927711,0.688953488372093
LR (claim amount only),0.6436370481927711,0.690406976744186
LR (claim amount only),0.6485316265060241,0.690406976744186
LR (claim amount only),0.6485316265060241,0.6918604651162791
LR (claim amount only),0.6487198795180723,0.6918604651162791
LR (claim amount only),0.6487198795180723,0.6933139534883721
LR (claim amount only),0.6541792168674698,0.6933139534883721
LR (claim amount only),0.6541792168674698,0.6947674418604651
LR (claim amount only),0.6551204819277109,0.6947674418604651
LR (claim amount only),0.6551204819277109,0.6962209302325582
LR (claim amount only),0.6598268072289156,0.6962209302325582
LR (claim amount only),0.6598268072289156,0.6976744186046512
LR (claim amount only),0.661144578313253,0.6976744186046512
LR (claim amount only),0.661144578313253,0.6991279069767442
LR (claim amount only),0.6626506024096386,0.6991279069767442
LR (claim amount only),0.6626506024096386,0.7005813953488372
LR (claim amount only),0.6632153614457831,0.7005813953488372
LR (claim amount only),0.6632153614457831,0.7020348837209303
LR (claim amount only),0.6641566265060241,0.7020348837209303
LR (claim amount only),0.6641566265060241,0.7034883720930233
LR (claim amount only),0.6650978915662651,0.7034883720930233
LR (claim amount only),0.6650978915662651,0.7049418604651163
LR (claim amount only),0.6694277108433735,0.7049418604651163
LR (claim amount only),0.6694277108433735,0.7063953488372093
LR (claim amount only),0.6699924698795181,0.7063953488372093
LR (claim amount only),0.6703689759036144,0.7063953488372093
LR (claim amount only),0.6705572289156626,0.7063953488372093
LR (claim amount only),0.6705572289156626,0.7078488372093024
LR (claim amount only),0.672816265060241,0.7078488372093024
LR (claim amount only),0.672816265060241,0.7093023255813954
LR (claim amount only),0.6748870481927711,0.7093023255813954
LR (claim amount only),0.6748870481927711,0.7107558139534884
LR (claim amount only),0.6762048192771084,0.7107558139534884
LR (claim amount only),0.6762048192771084,0.7122093023255814
LR (claim amount only),0.6775225903614458,0.7122093023255814
LR (claim amount only),0.6775225903614458,0.7136627906976745
LR (claim amount only),0.6797816265060241,0.7136627906976745
LR (claim amount only),0.6797816265060241,0.7151162790697675
LR (claim amount only),0.6831701807228916,0.7151162790697675
LR (claim amount only),0.6831701807228916,0.7165697674418605
LR (claim amount only),0.6863704819277109,0.7165697674418605
LR (claim amount only),0.6863704819277109,0.7180232558139535
LR (claim amount only),0.6880647590361446,0.7180232558139535
LR (claim amount only),0.6880647590361446,0.7194767441860465
LR (claim amount only),0.6940888554216867,0.7194767441860465
LR (claim amount only),0.6940888554216867,0.7209302325581395
LR (claim amount only),0.6946536144578314,0.7209302325581395
LR (claim amount only),0.6946536144578314,0.7223837209302325
LR (claim amount only),0.6959713855421686,0.7223837209302325
LR (claim amount only),0.6959713855421686,0.7238372093023255
LR (claim amount only),0.6974774096385542,0.7238372093023255
LR (claim amount only),0.6974774096385542,0.7252906976744186
LR (claim amount only),0.6987951807228916,0.7252906976744186
LR (claim amount only),0.6987951807228916,0.7281976744186046
LR (claim amount only),0.6993599397590361,0.7281976744186046
LR (claim amount only),0.6993599397590361,0.7296511627906976
LR (claim amount only),0.7027484939759037,0.7296511627906976
LR (claim amount only),0.7027484939759037,0.7311046511627907
LR (claim amount only),0.7082078313253012,0.7311046511627907
LR (claim amount only),0.7082078313253012,0.7325581395348837
LR (claim amount only),0.7108433734939759,0.7325581395348837
LR (claim amount only),0.7108433734939759,0.7340116279069767
LR (claim amount only),0.7119728915662651,0.7340116279069767
LR (claim amount only),0.7119728915662651,0.7354651162790697
LR (claim amount only),0.7170557228915663,0.7354651162790697
LR (claim amount only),0.7170557228915663,0.7369186046511628
LR (claim amount only),0.7174322289156626,0.7369186046511628
LR (claim amount only),0.7174322289156626,0.7383720930232558
LR (claim amount only),0.7183734939759037,0.7383720930232558
LR (claim amount only),0.7183734939759037,0.7412790697674418
LR (claim amount only),0.7191265060240963,0.7412790697674418
LR (claim amount only),0.7191265060240963,0.7427325581395349
LR (claim amount only),0.7211972891566265,0.7427325581395349
LR (claim amount only),0.7211972891566265,0.7441860465116279
LR (claim amount only),0.7217620481927711,0.7441860465116279
LR (claim amount only),0.7217620481927711,0.7456395348837209
LR (claim amount only),0.7230798192771084,0.7456395348837209
LR (claim amount only),0.7230798192771084,0.747093023255814
LR (claim amount only),0.7253388554216867,0.747093023255814
LR (claim amount only),0.7253388554216867,0.748546511627907
LR (claim amount only),0.7264683734939759,0.748546511627907
LR (claim amount only),0.7264683734939759,0.75
LR (claim amount only),0.7275978915662651,0.75
LR (claim amount only),0.7275978915662651,0.751453488372093
LR (claim amount only),0.7302334337349398,0.751453488372093
LR (claim amount only),0.7302334337349398,0.752906976744186
LR (claim amount only),0.7323042168674698,0.752906976744186
LR (claim amount only),0.7323042168674698,0.7543604651162791
LR (claim amount only),0.734375,0.7543604651162791
LR (claim amount only),0.734375,0.7572674418604651
LR (claim amount only),0.7349397590361446,0.7572674418604651
LR (claim amount only),0.7349397590361446,0.7587209302325582
LR (claim amount only),0.7355045180722891,0.7587209302325582
LR (claim amount only),0.7355045180722891,0.7601744186046512
LR (claim amount only),0.7381400602409639,0.7601744186046512
LR (claim amount only),0.7381400602409639,0.7616279069767442
LR (claim amount only),0.7388930722891566,0.7616279069767442
LR (claim amount only),0.7388930722891566,0.7630813953488372
LR (claim amount only),0.7449171686746988,0.7630813953488372
LR (claim amount only),0.7449171686746988,0.7645348837209303
LR (claim amount only),0.7462349397590361,0.7645348837209303
LR (claim amount only),0.7462349397590361,0.7659883720930233
LR (claim amount only),0.7498117469879518,0.7659883720930233
LR (claim amount only),0.7498117469879518,0.7674418604651163
LR (claim amount only),0.75,0.7674418604651163
LR (claim amount only),0.75,0.7688953488372093
LR (claim amount only),0.7503765060240963,0.7688953488372093
LR (claim amount only),0.7503765060240963,0.7703488372093024
LR (claim amount only),0.7505647590361446,0.7703488372093024
LR (claim amount only),0.7505647590361446,0.7718023255813954
LR (claim amount only),0.7513177710843374,0.7718023255813954
LR (claim amount only),0.7513177710843374,0.7732558139534884
LR (claim amount only),0.7539533132530121,0.7732558139534884
LR (claim amount only),0.7539533132530121,0.7747093023255814
LR (claim amount only),0.7547063253012049,0.7747093023255814
LR (claim amount only),0.7547063253012049,0.7761627906976745
LR (claim amount only),0.7550828313253012,0.7761627906976745
LR (claim amount only),0.7582831325301205,0.7761627906976745
LR (claim amount only),0.7582831325301205,0.7776162790697675
LR (claim amount only),0.7584713855421686,0.7776162790697675
LR (claim amount only),0.7584713855421686,0.7805232558139535
LR (claim amount only),0.7605421686746988,0.7805232558139535
LR (claim amount only),0.7605421686746988,0.7819767441860465
LR (claim amount only),0.7618599397590361,0.7819767441860465
LR (claim amount only),0.7622364457831325,0.7819767441860465
LR (claim amount only),0.7648719879518072,0.7819767441860465
LR (claim amount only),0.7648719879518072,0.7834302325581395
LR (claim amount only),0.7748493975903614,0.7834302325581395
LR (claim amount only),0.7748493975903614,0.7848837209302325
LR (claim amount only),0.776355421686747,0.7848837209302325
LR (claim amount only),0.776355421686747,0.7863372093023255
LR (claim amount only),0.7780496987951807,0.7863372093023255
LR (claim amount only),0.7780496987951807,0.7877906976744186
LR (claim amount only),0.7789909638554217,0.7877906976744186
LR (claim amount only),0.7789909638554217,0.7892441860465116
LR (claim amount only),0.7808734939759037,0.7892441860465116
LR (claim amount only),0.7808734939759037,0.7906976744186046
LR (claim amount only),0.7818147590361446,0.7906976744186046
LR (claim amount only),0.7818147590361446,0.7921511627906976
LR (claim amount only),0.7823795180722891,0.7921511627906976
LR (claim amount only),0.7823795180722891,0.7936046511627907
LR (claim amount only),0.7831325301204819,0.7936046511627907
LR (claim amount only),0.7831325301204819,0.7950581395348837
LR (claim amount only),0.7838855421686747,0.7950581395348837
LR (claim amount only),0.7838855421686747,0.7965116279069767
LR (claim amount only),0.7872740963855421,0.7965116279069767
LR (claim amount only),0.7872740963855421,0.7979651162790697
LR (claim amount only),0.7921686746987951,0.7979651162790697
LR (claim amount only),0.7921686746987951,0.7994186046511628
LR (claim amount only),0.7944277108433735,0.7994186046511628
LR (claim amount only),0.7944277108433735,0.8008720930232558
LR (claim amount only),0.7964984939759037,0.8008720930232558
LR (claim amount only),0.7964984939759037,0.8023255813953488
LR (claim amount only),0.7987575301204819,0.8023255813953488
LR (claim amount only),0.7987575301204819,0.8037790697674418
LR (claim amount only),0.7993222891566265,0.8037790697674418
LR (claim amount only),0.7993222891566265,0.8052325581395349
LR (claim amount only),0.8032756024096386,0.8052325581395349
LR (claim amount only),0.8032756024096386,0.8066860465116279
LR (claim amount only),0.8049698795180723,0.8066860465116279
LR (claim amount only),0.8049698795180723,0.8081395348837209
LR (claim amount only),0.8055346385542169,0.8081395348837209
LR (claim amount only),0.8055346385542169,0.809593023255814
LR (claim amount only),0.8068524096385542,0.809593023255814
LR (claim amount only),0.8068524096385542,0.811046511627907
LR (claim amount only),0.8091114457831325,0.811046511627907
LR (claim amount only),0.8091114457831325,0.8125
LR (claim amount only),0.8096762048192772,0.8125
LR (claim amount only),0.8096762048192772,0.813953488372093
LR (claim amount only),0.8109939759036144,0.813953488372093
LR (claim amount only),0.8109939759036144,0.815406976744186
LR (claim amount only),0.8117469879518072,0.815406976744186
LR (claim amount only),0.8117469879518072,0.8183139534883721
LR (claim amount only),0.8130647590361446,0.8183139534883721
LR (claim amount only),0.8130647590361446,0.8197674418604651
LR (claim amount only),0.8132530120481928,0.8197674418604651
LR (claim amount only),0.8136295180722891,0.8197674418604651
LR (claim amount only),0.8136295180722891,0.8212209302325582
LR (claim amount only),0.8141942771084337,0.8212209302325582
LR (claim amount only),0.8141942771084337,0.8226744186046512
LR (claim amount only),0.8143825301204819,0.8226744186046512
LR (claim amount only),0.8143825301204819,0.8241279069767442
LR (claim amount only),0.8145707831325302,0.8241279069767442
LR (claim amount only),0.8147590361445783,0.8255813953488372
LR (claim amount only),0.8147590361445783,0.8270348837209303
LR (claim amount only),0.8194653614457831,0.8270348837209303
LR (claim amount only),0.8194653614457831,0.8284883720930233
LR (claim amount only),0.8204066265060241,0.8284883720930233
LR (claim amount only),0.8204066265060241,0.8299418604651163
LR (claim amount only),0.8215361445783133,0.8299418604651163
LR (claim amount only),0.8215361445783133,0.8313953488372093
LR (claim amount only),0.8237951807228916,0.8313953488372093
LR (claim amount only),0.8237951807228916,0.8328488372093024
LR (claim amount only),0.8275602409638554,0.8328488372093024
LR (claim amount only),0.8275602409638554,0.8343023255813954
LR (claim amount only),0.8292545180722891,0.8343023255813954
LR (claim amount only),0.8292545180722891,0.8357558139534884
LR (claim amount only),0.8305722891566265,0.8357558139534884
LR (claim amount only),0.8305722891566265,0.8372093023255814
LR (claim amount only),0.8322665662650602,0.8372093023255814
LR (claim amount only),0.8322665662650602,0.8386627906976745
LR (claim amount only),0.8328313253012049,0.8386627906976745
LR (claim amount only),0.8328313253012049,0.8401162790697675
LR (claim amount only),0.8350903614457831,0.8401162790697675
LR (claim amount only),0.8350903614457831,0.8415697674418605
LR (claim amount only),0.8358433734939759,0.8415697674418605
LR (claim amount only),0.8358433734939759,0.8430232558139535
LR (claim amount only),0.8365963855421686,0.8430232558139535
LR (claim amount only),0.8365963855421686,0.8444767441860465
LR (claim amount only),0.8377259036144579,0.8444767441860465
LR (claim amount only),0.8377259036144579,0.8459302325581395
LR (claim amount only),0.8426204819277109,0.8459302325581395
LR (claim amount only),0.8426204819277109,0.8473837209302325
LR (claim amount only),0.8429969879518072,0.8473837209302325
LR (claim amount only),0.8429969879518072,0.8488372093023255
LR (claim amount only),0.844691265060241,0.8488372093023255
LR (claim amount only),0.844691265060241,0.8502906976744186
LR (claim amount only),0.8448795180722891,0.8502906976744186
LR (claim amount only),0.8448795180722891,0.8517441860465116
LR (claim amount only),0.8458207831325302,0.8517441860465116
LR (claim amount only),0.8458207831325302,0.8531976744186046
LR (claim amount only),0.8484563253012049,0.8531976744186046
LR (claim amount only),0.8484563253012049,0.8546511627906976
LR (claim amount only),0.8525978915662651,0.8546511627906976
LR (claim amount only),0.8525978915662651,0.8561046511627907
LR (claim amount only),0.8527861445783133,0.8561046511627907
LR (claim amount only),0.8527861445783133,0.8575581395348837
LR (claim amount only),0.8552334337349398,0.8575581395348837
LR (claim amount only),0.8552334337349398,0.8590116279069767
LR (claim amount only),0.8559864457831325,0.8590116279069767
LR (claim amount only),0.8559864457831325,0.8604651162790697
LR (claim amount only),0.8571159638554217,0.8604651162790697
LR (claim amount only),0.8571159638554217,0.8619186046511628
LR (claim amount only),0.8573042168674698,0.8619186046511628
LR (claim amount only),0.8573042168674698,0.8633720930232558
LR (claim amount only),0.8591867469879518,0.8633720930232558
LR (claim amount only),0.8591867469879518,0.8648255813953488
LR (claim amount only),0.8620105421686747,0.8648255813953488
LR (claim amount only),0.8620105421686747,0.8662790697674418
LR (claim amount only),0.8625753012048193,0.8662790697674418
LR (claim amount only),0.8625753012048193,0.8677325581395349
LR (claim amount only),0.8629518072289156,0.8677325581395349
LR (claim amount only),0.8629518072289156,0.8691860465116279
LR (claim amount only),0.8633283132530121,0.8691860465116279
LR (claim amount only),0.8633283132530121,0.8706395348837209
LR (claim amount only),0.8646460843373494,0.8706395348837209
LR (claim amount only),0.8646460843373494,0.872093023255814
LR (claim amount only),0.865210843373494,0.872093023255814
LR (claim amount only),0.865210843373494,0.873546511627907
LR (claim amount only),0.8678463855421686,0.873546511627907
LR (claim amount only),0.8678463855421686,0.875
LR (claim amount only),0.8682228915662651,0.875
LR (claim amount only),0.8682228915662651,0.876453488372093
LR (claim amount only),0.8719879518072289,0.876453488372093
LR (claim amount only),0.8719879518072289,0.877906976744186
LR (claim amount only),0.8744352409638554,0.877906976744186
LR (claim amount only),0.8744352409638554,0.8793604651162791
LR (claim amount only),0.8746234939759037,0.8793604651162791
LR (claim amount only),0.8746234939759037,0.8808139534883721
LR (claim amount only),0.8840361445783133,0.8808139534883721
LR (claim amount only),0.8840361445783133,0.8822674418604651
LR (claim amount only),0.8855421686746988,0.8822674418604651
LR (claim amount only),0.8855421686746988,0.8837209302325582
LR (claim amount only),0.885730421686747,0.8837209302325582
LR (claim amount only),0.885730421686747,0.8851744186046512
LR (claim amount only),0.8861069277108434,0.8851744186046512
LR (claim amount only),0.8861069277108434,0.8866279069767442
LR (claim amount only),0.8866716867469879,0.8866279069767442
LR (claim amount only),0.8866716867469879,0.8880813953488372
LR (claim amount only),0.8872364457831325,0.8880813953488372
LR (claim amount only),0.8872364457831325,0.8895348837209303
LR (claim amount only),0.8878012048192772,0.8895348837209303
LR (claim amount only),0.8878012048192772,0.8909883720930233
LR (claim amount only),0.8911897590361446,0.8909883720930233
LR (claim amount only),0.8911897590361446,0.8924418604651163
LR (claim amount only),0.8947665662650602,0.8924418604651163
LR (claim amount only),0.8947665662650602,0.8938953488372093
LR (claim amount only),0.8958960843373494,0.8938953488372093
LR (claim amount only),0.8958960843373494,0.8953488372093024
LR (claim amount only),0.8977786144578314,0.8953488372093024
LR (claim amount only),0.8977786144578314,0.8968023255813954
LR (claim amount only),0.8981551204819277,0.8968023255813954
LR (claim amount only),0.8998493975903614,0.8968023255813954
LR (claim amount only),0.8998493975903614,0.8982558139534884
LR (claim amount only),0.9007906626506024,0.8982558139534884
LR (claim amount only),0.9007906626506024,0.8997093023255814
LR (claim amount only),0.9019201807228916,0.8997093023255814
LR (claim amount only),0.9019201807228916,0.9011627906976745
LR (claim amount only),0.9021084337349398,0.9011627906976745
LR (claim amount only),0.9021084337349398,0.9026162790697675
LR (claim amount only),0.9045557228915663,0.9026162790697675
LR (claim amount only),0.9045557228915663,0.9040697674418605
LR (claim amount only),0.9058734939759037,0.9040697674418605
LR (claim amount only),0.9058734939759037,0.9055232558139535
LR (claim amount only),0.9068147590361446,0.9055232558139535
LR (claim amount only),0.9070030120481928,0.9069767441860465
LR (claim amount only),0.9075677710843374,0.9069767441860465
LR (claim amount only),0.9075677710843374,0.9098837209302325
LR (claim amount only),0.9083207831325302,0.9098837209302325
LR (claim amount only),0.9083207831325302,0.9113372093023255
LR (claim amount only),0.9092620481927711,0.9113372093023255
LR (claim amount only),0.9092620481927711,0.9127906976744186
LR (claim amount only),0.9143448795180723,0.9127906976744186
LR (claim amount only),0.9143448795180723,0.9142441860465116
LR (claim amount only),0.9147213855421686,0.9142441860465116
LR (claim amount only),0.9147213855421686,0.9156976744186046
LR (claim amount only),0.9149096385542169,0.9156976744186046
LR (claim amount only),0.9149096385542169,0.9171511627906976
LR (claim amount only),0.9156626506024096,0.9171511627906976
LR (claim amount only),0.9156626506024096,0.9186046511627907
LR (claim amount only),0.916039156626506,0.9186046511627907
LR (claim amount only),0.916039156626506,0.9200581395348837
LR (claim amount only),0.9166039156626506,0.9200581395348837
LR (claim amount only),0.9166039156626506,0.9215116279069767
LR (claim amount only),0.9175451807228916,0.9215116279069767
LR (claim amount only),0.9175451807228916,0.9229651162790697
LR (claim amount only),0.9186746987951807,0.9229651162790697
LR (claim amount only),0.9186746987951807,0.9244186046511628
LR (claim amount only),0.9213102409638554,0.9244186046511628
LR (claim amount only),0.9213102409638554,0.9258720930232558
LR (claim amount only),0.9214984939759037,0.9258720930232558
LR (claim amount only),0.9214984939759037,0.9273255813953488
LR (claim amount only),0.9231927710843374,0.9273255813953488
LR (claim amount only),0.9231927710843374,0.9302325581395349
LR (claim amount only),0.9233810240963856,0.9302325581395349
LR (claim amount only),0.9233810240963856,0.9316860465116279
LR (claim amount only),0.9237575301204819,0.9316860465116279
LR (claim amount only),0.9237575301204819,0.9331395348837209
LR (claim amount only),0.9245105421686747,0.9331395348837209
LR (claim amount only),0.9245105421686747,0.934593023255814
LR (claim amount only),0.9295933734939759,0.934593023255814
LR (claim amount only),0.9295933734939759,0.936046511627907
LR (claim amount only),0.9299698795180723,0.936046511627907
LR (claim amount only),0.9299698795180723,0.9375
LR (claim amount only),0.9310993975903614,0.9375
LR (claim amount only),0.9310993975903614,0.940406976744186
LR (claim amount only),0.9350527108433735,0.940406976744186
LR (claim amount only),0.9350527108433735,0.9418604651162791
LR (claim amount only),0.9356174698795181,0.9418604651162791
LR (claim amount only),0.9356174698795181,0.9433139534883721
LR (claim amount only),0.9376882530120482,0.9433139534883721
LR (claim amount only),0.9376882530120482,0.9447674418604651
LR (claim amount only),0.9393825301204819,0.9447674418604651
LR (claim amount only),0.9393825301204819,0.9462209302325582
LR (claim amount only),0.9399472891566265,0.9462209302325582
LR (claim amount only),0.9399472891566265,0.9476744186046512
LR (claim amount only),0.9405120481927711,0.9476744186046512
LR (claim amount only),0.9405120481927711,0.9491279069767442
LR (claim amount only),0.9427710843373494,0.9491279069767442
LR (claim amount only),0.9427710843373494,0.9505813953488372
LR (claim amount only),0.9450301204819277,0.9505813953488372
LR (claim amount only),0.9450301204819277,0.9520348837209303
LR (claim amount only),0.9499246987951807,0.9520348837209303
LR (claim amount only),0.9499246987951807,0.9534883720930233
LR (claim amount only),0.9506777108433735,0.9534883720930233
LR (claim amount only),0.9506777108433735,0.9549418604651163
LR (claim amount only),0.9508659638554217,0.9549418604651163
LR (claim amount only),0.9508659638554217,0.9563953488372093
LR (claim amount only),0.9523719879518072,0.9563953488372093
LR (claim amount only),0.9523719879518072,0.9578488372093024
LR (claim amount only),0.9585843373493976,0.9578488372093024
LR (claim amount only),0.9585843373493976,0.9593023255813954
LR (claim amount only),0.9610316265060241,0.9593023255813954
LR (claim amount only),0.9610316265060241,0.9607558139534884
LR (claim amount only),0.9625376506024096,0.9607558139534884
LR (claim amount only),0.9625376506024096,0.9622093023255814
LR (claim amount only),0.9661144578313253,0.9622093023255814
LR (claim amount only),0.9661144578313253,0.9651162790697675
LR (claim amount only),0.967808734939759,0.9651162790697675
LR (claim amount only),0.967808734939759,0.9665697674418605
LR (claim amount only),0.9693147590361446,0.9665697674418605
LR (claim amount only),0.9693147590361446,0.9709302325581395
LR (claim amount only),0.9704442771084337,0.9709302325581395
LR (claim amount only),0.9704442771084337,0.9723837209302325
LR (claim amount only),0.9719503012048193,0.9723837209302325
LR (claim amount only),0.9719503012048193,0.9738372093023255
LR (claim amount only),0.9721385542168675,0.9738372093023255
LR (claim amount only),0.9721385542168675,0.9752906976744186
LR (claim amount only),0.9734563253012049,0.9752906976744186
LR (claim amount only),0.9734563253012049,0.9767441860465116
LR (claim amount only),0.9755271084337349,0.9767441860465116
LR (claim amount only),0.9755271084337349,0.9781976744186046
LR (claim amount only),0.9777861445783133,0.9781976744186046
LR (claim amount only),0.9777861445783133,0.9796511627906976
LR (claim amount only),0.9792921686746988,0.9796511627906976
LR (claim amount only),0.9792921686746988,0.9811046511627907
LR (claim amount only),0.9824924698795181,0.9811046511627907
LR (claim amount only),0.9824924698795181,0.9825581395348837
LR (claim amount only),0.983433734939759,0.9825581395348837
LR (claim amount only),0.983433734939759,0.9840116279069767
LR (claim amount only),0.9845632530120482,0.9840116279069767
LR (claim amount only),0.9845632530120482,0.9854651162790697
LR (claim amount only),0.9877635542168675,0.9854651162790697
LR (claim amount only),0.9877635542168675,0.9869186046511628
LR (claim amount only),0.990210843373494,0.9869186046511628
LR (claim amount only),0.990210843373494,0.9883720930232558
LR (claim amount only),0.9907756024096386,0.9883720930232558
LR (claim amount only),0.9907756024096386,0.9898255813953488
LR (claim amount only),0.9909638554216867,0.9898255813953488
LR (claim amount only),0.9909638554216867,0.9912790697674418
LR (claim amount only),0.9928463855421686,0.9912790697674418
LR (claim amount only),0.9928463855421686,0.9927325581395349
LR (claim amount only),0.9937876506024096,0.9927325581395349
LR (claim amount only),0.9937876506024096,0.9941860465116279
LR (claim amount only),0.9984939759036144,0.9941860465116279
LR (claim amount only),0.9984939759036144,0.9956395348837209
LR (claim amount only),0.9988704819277109,0.9956395348837209
LR (claim amount only),0.9988704819277109,0.997093023255814
LR (claim amount only),0.9992469879518072,0.997093023255814
LR (claim amount only),0.9992469879518072,0.998546511627907
LR (claim amount only),0.9998117469879518,0.998546511627907
LR (claim amount only),0.9998117469879518,1.0
LR (claim amount only),1.0,1.0
LR (multivariate),0.0,0.0
LR (multivariate),0.00018825301204819278,0.0
LR (multivariate),0.00037650602409638556,0.0
LR (multivariate),0.00037650602409638556,0.0014534883720930232
LR (multivariate),0.0005647590361445783,0.0014534883720930232
LR (multivariate),0.0005647590361445783,0.0029069767441860465
LR (multivariate),0.0011295180722891566,0.0029069767441860465
LR (multivariate),0.0011295180722891566,0.005813953488372093
LR (multivariate),0.0013177710843373493,0.005813953488372093
LR (multivariate),0.0013177710843373493,0.011627906976744186
LR (multivariate),0.001694277108433735,0.011627906976744186
LR (multivariate),0.001694277108433735,0.01308139534883721
LR (multivariate),0.0026355421686746986,0.01308139534883721
LR (multivariate),0.0026355421686746986,0.014534883720930232
LR (multivariate),0.00338855421686747,0.014534883720930232
LR (multivariate),0.00338855421686747,0.03343023255813953
LR (multivariate),0.0035768072289156625,0.03343023255813953
LR (multivariate),0.0035768072289156625,0.036337209302325583
LR (multivariate),0.004141566265060241,0.036337209302325583
LR (multivariate),0.004141566265060241,0.03924418604651163
LR (multivariate),0.004329819277108434,0.03924418604651163
LR (multivariate),0.004329819277108434,0.040697674418604654
LR (multivariate),0.00470632530120482,0.040697674418604654
LR (multivariate),0.00470632530120482,0.0436046511627907
LR (multivariate),0.004894578313253012,0.0436046511627907
LR (multivariate),0.004894578313253012,0.04796511627906977
LR (multivariate),0.005835843373493976,0.04796511627906977
LR (multivariate),0.005835843373493976,0.04941860465116279
LR (multivariate),0.006024096385542169,0.04941860465116279
LR (multivariate),0.006024096385542169,0.050872093023255814
LR (multivariate),0.006400602409638554,0.050872093023255814
LR (multivariate),0.006400602409638554,0.05232558139534884
LR (multivariate),0.006588855421686747,0.05232558139534884
LR (multivariate),0.006588855421686747,0.055232558139534885
LR (multivariate),0.006965361445783132,0.055232558139534885
LR (multivariate),0.006965361445783132,0.056686046511627904
LR (multivariate),0.007530120481927711,0.056686046511627904
LR (multivariate),0.007530120481927711,0.05813953488372093
LR (multivariate),0.007906626506024096,0.05813953488372093
LR (multivariate),0.007906626506024096,0.059593023255813955
LR (multivariate),0.008283132530120483,0.059593023255813955
LR (multivariate),0.008283132530120483,0.061046511627906974
LR (multivariate),0.008659638554216868,0.061046511627906974
LR (multivariate),0.008659638554216868,0.06395348837209303
LR (multivariate),0.010918674698795181,0.06395348837209303
LR (multivariate),0.010918674698795181,0.06831395348837209
LR (multivariate),0.011106927710843373,0.06831395348837209
LR (multivariate),0.011106927710843373,0.06976744186046512
LR (multivariate),0.011859939759036145,0.06976744186046512
LR (multivariate),0.011859939759036145,0.07122093023255814
LR (multivariate),0.012612951807228916,0.07122093023255814
LR (multivariate),0.012612951807228916,0.07412790697674419
LR (multivariate),0.012989457831325301,0.07412790697674419
LR (multivariate),0.012989457831325301,0.07703488372093023
LR (multivariate),0.013742469879518071,0.07703488372093023
LR (multivariate),0.013742469879518071,0.08139534883720931
LR (multivariate),0.013930722891566265,0.08139534883720931
LR (multivariate),0.013930722891566265,0.08575581395348837
LR (multivariate),0.014118975903614458,0.08575581395348837
LR (multivariate),0.014118975903614458,0.08866279069767442
LR (multivariate),0.014871987951807228,0.08866279069767442
LR (multivariate),0.014871987951807228,0.09156976744186046
LR (multivariate),0.016001506024096387,0.09156976744186046
LR (multivariate),0.016001506024096387,0.09302325581395349
LR (multivariate),0.018072289156626505,0.09302325581395349
LR (multivariate),0.018072289156626505,0.09447674418604651
LR (multivariate),0.018637048192771084,0.09447674418604651
LR (multivariate),0.018637048192771084,0.09593023255813954
LR (multivariate),0.01901355421686747,0.09593023255813954
LR (multivariate),0.01901355421686747,0.09738372093023256
LR (multivariate),0.01976656626506024,0.09738372093023256
LR (multivariate),0.01976656626506024,0.10174418604651163
LR (multivariate),0.02033132530120482,0.10174418604651163
LR (multivariate),0.02033132530120482,0.10465116279069768
LR (multivariate),0.02108433734939759,0.10465116279069768
LR (multivariate),0.02108433734939759,0.10610465116279069
LR (multivariate),0.021272590361445784,0.10610465116279069
LR (multivariate),0.021272590361445784,0.10755813953488372
LR (multivariate),0.021649096385542167,0.10755813953488372
LR (multivariate),0.021649096385542167,0.10901162790697674
LR (multivariate),0.022025602409638554,0.10901162790697674
LR (multivariate),0.022025602409638554,0.11046511627906977
LR (multivariate),0.022590361445783132,0.11046511627906977
LR (multivariate),0.022590361445783132,0.11337209302325581
LR (multivariate),0.023343373493975902,0.11337209302325581
LR (multivariate),0.023343373493975902,0.11482558139534883
LR (multivariate),0.02371987951807229,0.11482558139534883
LR (multivariate),0.02371987951807229,0.11627906976744186
LR (multivariate),0.02390813253012048,0.11627906976744186
LR (multivariate),0.02390813253012048,0.11918604651162791
LR (multivariate),0.024849397590361446,0.11918604651162791
LR (multivariate),0.024849397590361446,0.12063953488372094
LR (multivariate),0.025225903614457833,0.12063953488372094
LR (multivariate),0.025225903614457833,0.12354651162790697
LR (multivariate),0.025602409638554216,0.12354651162790697
LR (multivariate),0.025602409638554216,0.12645348837209303
LR (multivariate),0.026731927710843373,0.12645348837209303
LR (multivariate),0.026731927710843373,0.12790697674418605
LR (multivariate),0.027673192771084338,0.12790697674418605
LR (multivariate),0.027673192771084338,0.12936046511627908
LR (multivariate),0.02804969879518072,0.12936046511627908
LR (multivariate),0.02804969879518072,0.13226744186046513
LR (multivariate),0.028426204819277108,0.13226744186046513
LR (multivariate),0.028426204819277108,0.13372093023255813
LR (multivariate),0.029179216867469878,0.13372093023255813
LR (multivariate),0.029179216867469878,0.13662790697674418
LR (multivariate),0.030120481927710843,0.13662790697674418
LR (multivariate),0.030120481927710843,0.1380813953488372
LR (multivariate),0.030308734939759035,0.1380813953488372
LR (multivariate),0.030308734939759035,0.14098837209302326
LR (multivariate),0.03068524096385542,0.14098837209302326
LR (multivariate),0.03068524096385542,0.14244186046511628
LR (multivariate),0.03181475903614458,0.14244186046511628
LR (multivariate),0.03181475903614458,0.14534883720930233
LR (multivariate),0.03332078313253012,0.14534883720930233
LR (multivariate),0.03332078313253012,0.14680232558139536
LR (multivariate),0.0338855421686747,0.14680232558139536
LR (multivariate),0.0338855421686747,0.14825581395348839
LR (multivariate),0.03426204819277109,0.14825581395348839
LR (multivariate),0.03426204819277109,0.14970930232558138
LR (multivariate),0.03463855421686747,0.14970930232558138
LR (multivariate),0.03463855421686747,0.15261627906976744
LR (multivariate),0.03557981927710843,0.15261627906976744
LR (multivariate),0.03557981927710843,0.1555232558139535
LR (multivariate),0.03670933734939759,0.1555232558139535
LR (multivariate),0.03670933734939759,0.15843023255813954
LR (multivariate),0.036897590361445784,0.15843023255813954
LR (multivariate),0.036897590361445784,0.15988372093023256
LR (multivariate),0.03765060240963856,0.15988372093023256
LR (multivariate),0.03765060240963856,0.1613372093023256
LR (multivariate),0.03802710843373494,0.1613372093023256
LR (multivariate),0.03802710843373494,0.16279069767441862
LR (multivariate),0.0389683734939759,0.16279069767441862
LR (multivariate),0.0389683734939759,0.16424418604651161
LR (multivariate),0.0391566265060241,0.16424418604651161
LR (multivariate),0.0391566265060241,0.16569767441860464
LR (multivariate),0.03953313253012048,0.16569767441860464
LR (multivariate),0.03953313253012048,0.16715116279069767
LR (multivariate),0.039721385542168676,0.16715116279069767
LR (multivariate),0.039721385542168676,0.17005813953488372
LR (multivariate),0.04141566265060241,0.17005813953488372
LR (multivariate),0.04141566265060241,0.17151162790697674
LR (multivariate),0.04254518072289157,0.17151162790697674
LR (multivariate),0.04254518072289157,0.17296511627906977
LR (multivariate),0.042733433734939756,0.17296511627906977
LR (multivariate),0.042733433734939756,0.17587209302325582
LR (multivariate),0.04386295180722891,0.17587209302325582
LR (multivariate),0.04386295180722891,0.17877906976744187
LR (multivariate),0.04405120481927711,0.17877906976744187
LR (multivariate),0.04405120481927711,0.18023255813953487
LR (multivariate),0.04480421686746988,0.18023255813953487
LR (multivariate),0.04480421686746988,0.1816860465116279
LR (multivariate),0.04536897590361446,0.1816860465116279
LR (multivariate),0.04536897590361446,0.18459302325581395
LR (multivariate),0.04555722891566265,0.18459302325581395
LR (multivariate),0.04555722891566265,0.1875
LR (multivariate),0.04593373493975904,0.1875
LR (multivariate),0.04593373493975904,0.18895348837209303
LR (multivariate),0.046875,0.18895348837209303
LR (multivariate),0.046875,0.19186046511627908
LR (multivariate),0.050075301204819275,0.19186046511627908
LR (multivariate),0.050075301204819275,0.19476744186046513
LR (multivariate),0.05082831325301205,0.19476744186046513
LR (multivariate),0.05082831325301205,0.19622093023255813
LR (multivariate),0.053840361445783136,0.19622093023255813
LR (multivariate),0.053840361445783136,0.19767441860465115
LR (multivariate),0.054028614457831324,0.19767441860465115
LR (multivariate),0.054028614457831324,0.19912790697674418
LR (multivariate),0.0545933734939759,0.19912790697674418
LR (multivariate),0.0545933734939759,0.20203488372093023
LR (multivariate),0.055346385542168676,0.20203488372093023
LR (multivariate),0.055346385542168676,0.20348837209302326
LR (multivariate),0.05647590361445783,0.20348837209302326
LR (multivariate),0.05647590361445783,0.20494186046511628
LR (multivariate),0.056852409638554216,0.20494186046511628
LR (multivariate),0.056852409638554216,0.20784883720930233
LR (multivariate),0.057417168674698794,0.20784883720930233
LR (multivariate),0.057417168674698794,0.20930232558139536
LR (multivariate),0.05798192771084337,0.20930232558139536
LR (multivariate),0.05798192771084337,0.21220930232558138
LR (multivariate),0.05911144578313253,0.21220930232558138
LR (multivariate),0.05911144578313253,0.21511627906976744
LR (multivariate),0.05967620481927711,0.21511627906976744
LR (multivariate),0.05967620481927711,0.21656976744186046
LR (multivariate),0.06061746987951807,0.21656976744186046
LR (multivariate),0.06061746987951807,0.2194767441860465
LR (multivariate),0.060805722891566265,0.2194767441860465
LR (multivariate),0.060805722891566265,0.22093023255813954
LR (multivariate),0.06155873493975904,0.22093023255813954
LR (multivariate),0.06155873493975904,0.22238372093023256
LR (multivariate),0.0625,0.22238372093023256
LR (multivariate),0.0625,0.22529069767441862
LR (multivariate),0.0626882530120482,0.22529069767441862
LR (multivariate),0.0626882530120482,0.22674418604651161
LR (multivariate),0.06344126506024096,0.22674418604651161
LR (multivariate),0.06344126506024096,0.22819767441860464
LR (multivariate),0.06362951807228916,0.22819767441860464
LR (multivariate),0.06362951807228916,0.22965116279069767
LR (multivariate),0.06381777108433735,0.22965116279069767
LR (multivariate),0.06381777108433735,0.2311046511627907
LR (multivariate),0.06419427710843373,0.2311046511627907
LR (multivariate),0.06419427710843373,0.23255813953488372
LR (multivariate),0.06438253012048192,0.23255813953488372
LR (multivariate),0.06438253012048192,0.23546511627906977
LR (multivariate),0.06494728915662651,0.23546511627906977
LR (multivariate),0.06494728915662651,0.2369186046511628
LR (multivariate),0.06588855421686747,0.2369186046511628
LR (multivariate),0.06588855421686747,0.23837209302325582
LR (multivariate),0.06682981927710843,0.23837209302325582
LR (multivariate),0.06682981927710843,0.23982558139534885
LR (multivariate),0.06701807228915663,0.23982558139534885
LR (multivariate),0.06701807228915663,0.24127906976744187
LR (multivariate),0.06739457831325302,0.24127906976744187
LR (multivariate),0.06739457831325302,0.24273255813953487
LR (multivariate),0.06984186746987951,0.24273255813953487
LR (multivariate),0.06984186746987951,0.2441860465116279
LR (multivariate),0.0704066265060241,0.2441860465116279
LR (multivariate),0.0704066265060241,0.24563953488372092
LR (multivariate),0.07078313253012049,0.24563953488372092
LR (multivariate),0.07078313253012049,0.24709302325581395
LR (multivariate),0.07172439759036145,0.24709302325581395
LR (multivariate),0.07172439759036145,0.25
LR (multivariate),0.07247740963855422,0.25
LR (multivariate),0.07247740963855422,0.251453488372093
LR (multivariate),0.07323042168674698,0.251453488372093
LR (multivariate),0.07323042168674698,0.25290697674418605
LR (multivariate),0.07435993975903614,0.25290697674418605
LR (multivariate),0.07435993975903614,0.2543604651162791
LR (multivariate),0.07718373493975904,0.2543604651162791
LR (multivariate),0.07718373493975904,0.25726744186046513
LR (multivariate),0.07737198795180723,0.25726744186046513
LR (multivariate),0.07737198795180723,0.2601744186046512
LR (multivariate),0.07774849397590361,0.2601744186046512
LR (multivariate),0.07774849397590361,0.2616279069767442
LR (multivariate),0.08000753012048192,0.2616279069767442
LR (multivariate),0.08000753012048192,0.26453488372093026
LR (multivariate),0.08057228915662651,0.26453488372093026
LR (multivariate),0.08057228915662651,0.26598837209302323
LR (multivariate),0.08132530120481928,0.26598837209302323
LR (multivariate),0.08132530120481928,0.26744186046511625
LR (multivariate),0.08151355421686747,0.26744186046511625
LR (multivariate),0.08151355421686747,0.2688953488372093
LR (multivariate),0.08170180722891567,0.2688953488372093
LR (multivariate),0.08170180722891567,0.2703488372093023
LR (multivariate),0.08226656626506024,0.2703488372093023
LR (multivariate),0.08226656626506024,0.27180232558139533
LR (multivariate),0.08245481927710843,0.27180232558139533
LR (multivariate),0.08245481927710843,0.27325581395348836
LR (multivariate),0.08264307228915663,0.27325581395348836
LR (multivariate),0.08264307228915663,0.2761627906976744
LR (multivariate),0.08301957831325302,0.2761627906976744
LR (multivariate),0.08301957831325302,0.27761627906976744
LR (multivariate),0.0832078313253012,0.27761627906976744
LR (multivariate),0.0832078313253012,0.27906976744186046
LR (multivariate),0.08358433734939759,0.27906976744186046
LR (multivariate),0.08358433734939759,0.2805232558139535
LR (multivariate),0.08414909638554217,0.2805232558139535
LR (multivariate),0.08414909638554217,0.28343023255813954
LR (multivariate),0.08509036144578314,0.28343023255813954
LR (multivariate),0.08509036144578314,0.28488372093023256
LR (multivariate),0.08621987951807229,0.28488372093023256
LR (multivariate),0.08621987951807229,0.2877906976744186
LR (multivariate),0.08659638554216867,0.2877906976744186
LR (multivariate),0.08659638554216867,0.28924418604651164
LR (multivariate),0.08678463855421686,0.28924418604651164
LR (multivariate),0.08678463855421686,0.29069767441860467
LR (multivariate),0.08734939759036145,0.29069767441860467
LR (multivariate),0.08734939759036145,0.2921511627906977
LR (multivariate),0.08772590361445783,0.2921511627906977
LR (multivariate),0.08772590361445783,0.2936046511627907
LR (multivariate),0.08829066265060241,0.2936046511627907
LR (multivariate),0.08829066265060241,0.29505813953488375
LR (multivariate),0.08960843373493976,0.29505813953488375
LR (multivariate),0.08960843373493976,0.29651162790697677
LR (multivariate),0.08979668674698796,0.29651162790697677
LR (multivariate),0.08979668674698796,0.29796511627906974
LR (multivariate),0.09054969879518072,0.29796511627906974
LR (multivariate),0.09054969879518072,0.3008720930232558
LR (multivariate),0.09450301204819277,0.3008720930232558
LR (multivariate),0.09450301204819277,0.3023255813953488
LR (multivariate),0.09469126506024096,0.3023255813953488
LR (multivariate),0.09469126506024096,0.30377906976744184
LR (multivariate),0.09525602409638555,0.30377906976744184
LR (multivariate),0.09525602409638555,0.3066860465116279
LR (multivariate),0.09563253012048192,0.3066860465116279
LR (multivariate),0.09563253012048192,0.3081395348837209
LR (multivariate),0.0963855421686747,0.3081395348837209
LR (multivariate),0.0963855421686747,0.30959302325581395
LR (multivariate),0.09657379518072289,0.30959302325581395
LR (multivariate),0.09657379518072289,0.311046511627907
LR (multivariate),0.09676204819277108,0.311046511627907
LR (multivariate),0.09676204819277108,0.3125
LR (multivariate),0.09695030120481928,0.3125
LR (multivariate),0.09695030120481928,0.313953488372093
LR (multivariate),0.09732680722891567,0.313953488372093
LR (multivariate),0.09732680722891567,0.31540697674418605
LR (multivariate),0.09770331325301204,0.31540697674418605
LR (multivariate),0.09770331325301204,0.3168604651162791
LR (multivariate),0.0988328313253012,0.3168604651162791
LR (multivariate),0.0988328313253012,0.3183139534883721
LR (multivariate),0.09958584337349398,0.3183139534883721
LR (multivariate),0.09958584337349398,0.31976744186046513
LR (multivariate),0.10071536144578314,0.31976744186046513
LR (multivariate),0.10071536144578314,0.3226744186046512
LR (multivariate),0.10109186746987951,0.3226744186046512
LR (multivariate),0.10109186746987951,0.3241279069767442
LR (multivariate),0.10184487951807229,0.3241279069767442
LR (multivariate),0.10184487951807229,0.32848837209302323
LR (multivariate),0.10259789156626506,0.32848837209302323
LR (multivariate),0.10259789156626506,0.32994186046511625
LR (multivariate),0.10316265060240964,0.32994186046511625
LR (multivariate),0.10316265060240964,0.3313953488372093
LR (multivariate),0.10391566265060241,0.3313953488372093
LR (multivariate),0.10391566265060241,0.3328488372093023
LR (multivariate),0.10485692771084337,0.3328488372093023
LR (multivariate),0.10485692771084337,0.33430232558139533
LR (multivariate),0.10560993975903614,0.33430232558139533
LR (multivariate),0.10560993975903614,0.3372093023255814
LR (multivariate),0.10617469879518072,0.3372093023255814
LR (multivariate),0.10617469879518072,0.3386627906976744
LR (multivariate),0.10692771084337349,0.3386627906976744
LR (multivariate),0.10692771084337349,0.3430232558139535
LR (multivariate),0.10786897590361445,0.3430232558139535
LR (multivariate),0.10786897590361445,0.3444767441860465
LR (multivariate),0.10805722891566265,0.3444767441860465
LR (multivariate),0.10805722891566265,0.34593023255813954
LR (multivariate),0.10862198795180723,0.34593023255813954
LR (multivariate),0.10862198795180723,0.34738372093023256
LR (multivariate),0.1095632530120482,0.34738372093023256
LR (multivariate),0.1095632530120482,0.3488372093023256
LR (multivariate),0.10993975903614457,0.3488372093023256
LR (multivariate),0.10993975903614457,0.3502906976744186
LR (multivariate),0.11125753012048192,0.3502906976744186
LR (multivariate),0.11125753012048192,0.3561046511627907
LR (multivariate),0.1120105421686747,0.3561046511627907
LR (multivariate),0.1120105421686747,0.35755813953488375
LR (multivariate),0.11257530120481928,0.35755813953488375
LR (multivariate),0.11257530120481928,0.35901162790697677
LR (multivariate),0.11295180722891567,0.35901162790697677
LR (multivariate),0.11295180722891567,0.36046511627906974
LR (multivariate),0.11370481927710843,0.36046511627906974
LR (multivariate),0.11370481927710843,0.36627906976744184
LR (multivariate),0.11483433734939759,0.36627906976744184
LR (multivariate),0.11483433734939759,0.36773255813953487
LR (multivariate),0.11502259036144578,0.36773255813953487
LR (multivariate),0.11502259036144578,0.3691860465116279
LR (multivariate),0.11577560240963855,0.3691860465116279
LR (multivariate),0.11577560240963855,0.3706395348837209
LR (multivariate),0.11634036144578314,0.3706395348837209
LR (multivariate),0.11634036144578314,0.373546511627907
LR (multivariate),0.1172816265060241,0.373546511627907
LR (multivariate),0.1172816265060241,0.375
LR (multivariate),0.11803463855421686,0.375
LR (multivariate),0.11803463855421686,0.376453488372093
LR (multivariate),0.11841114457831325,0.376453488372093
LR (multivariate),0.11841114457831325,0.37790697674418605
LR (multivariate),0.11859939759036145,0.37790697674418605
LR (multivariate),0.11859939759036145,0.3793604651162791
LR (multivariate),0.11935240963855422,0.3793604651162791
LR (multivariate),0.11935240963855422,0.3808139534883721
LR (multivariate),0.12123493975903614,0.3808139534883721
LR (multivariate),0.12123493975903614,0.38226744186046513
LR (multivariate),0.12198795180722892,0.38226744186046513
LR (multivariate),0.12198795180722892,0.38372093023255816
LR (multivariate),0.12292921686746988,0.38372093023255816
LR (multivariate),0.12292921686746988,0.3851744186046512
LR (multivariate),0.12330572289156627,0.3851744186046512
LR (multivariate),0.12330572289156627,0.3866279069767442
LR (multivariate),0.12387048192771084,0.3866279069767442
LR (multivariate),0.12387048192771084,0.38953488372093026
LR (multivariate),0.1248117469879518,0.38953488372093026
LR (multivariate),0.1248117469879518,0.39098837209302323
LR (multivariate),0.12669427710843373,0.39098837209302323
LR (multivariate),0.12669427710843373,0.39244186046511625
LR (multivariate),0.1276355421686747,0.39244186046511625
LR (multivariate),0.1276355421686747,0.3938953488372093
LR (multivariate),0.12895331325301204,0.3938953488372093
LR (multivariate),0.12895331325301204,0.3953488372093023
LR (multivariate),0.12914156626506024,0.3953488372093023
LR (multivariate),0.12914156626506024,0.39825581395348836
LR (multivariate),0.12989457831325302,0.39825581395348836
LR (multivariate),0.12989457831325302,0.3997093023255814
LR (multivariate),0.13215361445783133,0.3997093023255814
LR (multivariate),0.13215361445783133,0.4011627906976744
LR (multivariate),0.13253012048192772,0.4011627906976744
LR (multivariate),0.13253012048192772,0.40261627906976744
LR (multivariate),0.13347138554216867,0.40261627906976744
LR (multivariate),0.13347138554216867,0.40406976744186046
LR (multivariate),0.13460090361445784,0.40406976744186046
LR (multivariate),0.13460090361445784,0.4055232558139535
LR (multivariate),0.13478915662650603,0.4055232558139535
LR (multivariate),0.13478915662650603,0.4069767441860465
LR (multivariate),0.1351656626506024,0.4069767441860465
LR (multivariate),0.1351656626506024,0.4113372093023256
LR (multivariate),0.13591867469879518,0.4113372093023256
LR (multivariate),0.13591867469879518,0.4127906976744186
LR (multivariate),0.1376129518072289,0.4127906976744186
LR (multivariate),0.1376129518072289,0.41424418604651164
LR (multivariate),0.13893072289156627,0.41424418604651164
LR (multivariate),0.13893072289156627,0.41569767441860467
LR (multivariate),0.14006024096385541,0.41569767441860467
LR (multivariate),0.14006024096385541,0.4171511627906977
LR (multivariate),0.140625,0.4171511627906977
LR (multivariate),0.140625,0.4186046511627907
LR (multivariate),0.1428840361445783,0.4186046511627907
LR (multivariate),0.1428840361445783,0.42005813953488375
LR (multivariate),0.1436370481927711,0.42005813953488375
LR (multivariate),0.1436370481927711,0.42151162790697677
LR (multivariate),0.14401355421686746,0.42151162790697677
LR (multivariate),0.14401355421686746,0.42441860465116277
LR (multivariate),0.14439006024096385,0.42441860465116277
LR (multivariate),0.14439006024096385,0.4258720930232558
LR (multivariate),0.14495481927710843,0.4258720930232558
LR (multivariate),0.14495481927710843,0.4273255813953488
LR (multivariate),0.14533132530120482,0.4273255813953488
LR (multivariate),0.14533132530120482,0.42877906976744184
LR (multivariate),0.14627259036144577,0.42877906976744184
LR (multivariate),0.14627259036144577,0.43023255813953487
LR (multivariate),0.14721385542168675,0.43023255813953487
LR (multivariate),0.14721385542168675,0.4316860465116279
LR (multivariate),0.14777861445783133,0.4316860465116279
LR (multivariate),0.14777861445783133,0.4331395348837209
LR (multivariate),0.14796686746987953,0.4331395348837209
LR (multivariate),0.14796686746987953,0.43459302325581395
LR (multivariate),0.14834337349397592,0.43459302325581395
LR (multivariate),0.14834337349397592,0.436046511627907
LR (multivariate),0.15022590361445784,0.436046511627907
LR (multivariate),0.15022590361445784,0.4375
LR (multivariate),0.15135542168674698,0.4375
LR (multivariate),0.15135542168674698,0.438953488372093
LR (multivariate),0.15154367469879518,0.438953488372093
LR (multivariate),0.15154367469879518,0.44040697674418605
LR (multivariate),0.1530496987951807,0.44040697674418605
LR (multivariate),0.1530496987951807,0.44476744186046513
LR (multivariate),0.1532379518072289,0.44476744186046513
LR (multivariate),0.1532379518072289,0.44622093023255816
LR (multivariate),0.15455572289156627,0.44622093023255816
LR (multivariate),0.15455572289156627,0.4476744186046512
LR (multivariate),0.15493222891566266,0.4476744186046512
LR (multivariate),0.15493222891566266,0.4491279069767442
LR (multivariate),0.1560617469879518,0.4491279069767442
LR (multivariate),0.1560617469879518,0.45348837209302323
LR (multivariate),0.1590737951807229,0.45348837209302323
LR (multivariate),0.1590737951807229,0.45494186046511625
LR (multivariate),0.16020331325301204,0.45494186046511625
LR (multivariate),0.16020331325301204,0.4578488372093023
LR (multivariate),0.1617093373493976,0.4578488372093023
LR (multivariate),0.1617093373493976,0.45930232558139533
LR (multivariate),0.16208584337349397,0.45930232558139533
LR (multivariate),0.16208584337349397,0.46075581395348836
LR (multivariate),0.16359186746987953,0.46075581395348836
LR (multivariate),0.16359186746987953,0.4622093023255814
LR (multivariate),0.16509789156626506,0.4622093023255814
LR (multivariate),0.16509789156626506,0.46511627906976744
LR (multivariate),0.16603915662650603,0.46511627906976744
LR (multivariate),0.16603915662650603,0.46656976744186046
LR (multivariate),0.1667921686746988,0.46656976744186046
LR (multivariate),0.1667921686746988,0.4680232558139535
LR (multivariate),0.16848644578313254,0.4680232558139535
LR (multivariate),0.16848644578313254,0.4694767441860465
LR (multivariate),0.1690512048192771,0.4694767441860465
LR (multivariate),0.1690512048192771,0.47093023255813954
LR (multivariate),0.1694277108433735,0.47093023255813954
LR (multivariate),0.1694277108433735,0.47238372093023256
LR (multivariate),0.16999246987951808,0.47238372093023256
LR (multivariate),0.16999246987951808,0.4738372093023256
LR (multivariate),0.1716867469879518,0.4738372093023256
LR (multivariate),0.1716867469879518,0.4752906976744186
LR (multivariate),0.171875,0.4752906976744186
LR (multivariate),0.171875,0.47674418604651164
LR (multivariate),0.1722515060240964,0.47674418604651164
LR (multivariate),0.1722515060240964,0.47819767441860467
LR (multivariate),0.17262801204819278,0.47819767441860467
LR (multivariate),0.17262801204819278,0.4796511627906977
LR (multivariate),0.17375753012048192,0.4796511627906977
LR (multivariate),0.17375753012048192,0.4811046511627907
LR (multivariate),0.1745105421686747,0.4811046511627907
LR (multivariate),0.1745105421686747,0.48255813953488375
LR (multivariate),0.17582831325301204,0.48255813953488375
LR (multivariate),0.17582831325301204,0.48401162790697677
LR (multivariate),0.17658132530120482,0.48401162790697677
LR (multivariate),0.17658132530120482,0.48546511627906974
LR (multivariate),0.17808734939759036,0.48546511627906974
LR (multivariate),0.17808734939759036,0.48691860465116277
LR (multivariate),0.17846385542168675,0.48691860465116277
LR (multivariate),0.17846385542168675,0.4883720930232558
LR (multivariate),0.17959337349397592,0.4883720930232558
LR (multivariate),0.17959337349397592,0.4898255813953488
LR (multivariate),0.17978162650602408,0.4898255813953488
LR (multivariate),0.17978162650602408,0.49127906976744184
LR (multivariate),0.18053463855421686,0.49127906976744184
LR (multivariate),0.18053463855421686,0.49273255813953487
LR (multivariate),0.18147590361445784,0.49273255813953487
LR (multivariate),0.18147590361445784,0.4941860465116279
LR (multivariate),0.18166415662650603,0.4941860465116279
LR (multivariate),0.18166415662650603,0.4956395348837209
LR (multivariate),0.1850527108433735,0.4956395348837209
LR (multivariate),0.1850527108433735,0.49709302325581395
LR (multivariate),0.18655873493975902,0.49709302325581395
LR (multivariate),0.18655873493975902,0.498546511627907
LR (multivariate),0.1876882530120482,0.498546511627907
LR (multivariate),0.1876882530120482,0.5
LR (multivariate),0.18938253012048192,0.5
LR (multivariate),0.18938253012048192,0.501453488372093
LR (multivariate),0.19126506024096385,0.501453488372093
LR (multivariate),0.19126506024096385,0.502906976744186
LR (multivariate),0.19182981927710843,0.502906976744186
LR (multivariate),0.19182981927710843,0.5043604651162791
LR (multivariate),0.19220632530120482,0.5043604651162791
LR (multivariate),0.19220632530120482,0.5058139534883721
LR (multivariate),0.19465361445783133,0.5058139534883721
LR (multivariate),0.19465361445783133,0.5072674418604651
LR (multivariate),0.19559487951807228,0.5072674418604651
LR (multivariate),0.19559487951807228,0.5101744186046512
LR (multivariate),0.19973644578313254,0.5101744186046512
LR (multivariate),0.19973644578313254,0.5130813953488372
LR (multivariate),0.2006777108433735,0.5130813953488372
LR (multivariate),0.2006777108433735,0.5145348837209303
LR (multivariate),0.20161897590361447,0.5145348837209303
LR (multivariate),0.20161897590361447,0.5159883720930233
LR (multivariate),0.20237198795180722,0.5159883720930233
LR (multivariate),0.20237198795180722,0.5174418604651163
LR (multivariate),0.20368975903614459,0.5174418604651163
LR (multivariate),0.20368975903614459,0.5218023255813954
LR (multivariate),0.20444277108433734,0.5218023255813954
LR (multivariate),0.20444277108433734,0.5232558139534884
LR (multivariate),0.2057605421686747,0.5232558139534884
LR (multivariate),0.2057605421686747,0.5247093023255814
LR (multivariate),0.20689006024096385,0.5247093023255814
LR (multivariate),0.20689006024096385,0.5261627906976745
LR (multivariate),0.20764307228915663,0.5261627906976745
LR (multivariate),0.20764307228915663,0.5290697674418605
LR (multivariate),0.20801957831325302,0.5290697674418605
LR (multivariate),0.20801957831325302,0.5305232558139535
LR (multivariate),0.21009036144578314,0.5305232558139535
LR (multivariate),0.21009036144578314,0.5319767441860465
LR (multivariate),0.21065512048192772,0.5319767441860465
LR (multivariate),0.21065512048192772,0.5334302325581395
LR (multivariate),0.21517319277108435,0.5334302325581395
LR (multivariate),0.21517319277108435,0.5377906976744186
LR (multivariate),0.21743222891566266,0.5377906976744186
LR (multivariate),0.21743222891566266,0.5406976744186046
LR (multivariate),0.21875,0.5406976744186046
LR (multivariate),0.21875,0.5436046511627907
LR (multivariate),0.2210090361445783,0.5436046511627907
LR (multivariate),0.2210090361445783,0.5450581395348837
LR (multivariate),0.22665662650602408,0.5450581395348837
LR (multivariate),0.22665662650602408,0.5465116279069767
LR (multivariate),0.2319277108433735,0.5465116279069767
LR (multivariate),0.2319277108433735,0.5479651162790697
LR (multivariate),0.2345632530120482,0.5479651162790697
LR (multivariate),0.2345632530120482,0.5494186046511628
LR (multivariate),0.23832831325301204,0.5494186046511628
LR (multivariate),0.23832831325301204,0.5508720930232558
LR (multivariate),0.2398343373493976,0.5508720930232558
LR (multivariate),0.2398343373493976,0.5523255813953488
LR (multivariate),0.24171686746987953,0.5523255813953488
LR (multivariate),0.24171686746987953,0.5537790697674418
LR (multivariate),0.24397590361445784,0.5537790697674418
LR (multivariate),0.24397590361445784,0.5552325581395349
LR (multivariate),0.2447289156626506,0.5552325581395349
LR (multivariate),0.2447289156626506,0.5566860465116279
LR (multivariate),0.24510542168674698,0.5566860465116279
LR (multivariate),0.24510542168674698,0.5581395348837209
LR (multivariate),0.24529367469879518,0.5581395348837209
LR (multivariate),0.24529367469879518,0.559593023255814
LR (multivariate),0.2475527108433735,0.559593023255814
LR (multivariate),0.2475527108433735,0.561046511627907
LR (multivariate),0.2496234939759036,0.561046511627907
LR (multivariate),0.2496234939759036,0.5625
LR (multivariate),0.25056475903614456,0.5625
LR (multivariate),0.25056475903614456,0.563953488372093
LR (multivariate),0.25169427710843373,0.563953488372093
LR (multivariate),0.25169427710843373,0.565406976744186
LR (multivariate),0.2526355421686747,0.565406976744186
LR (multivariate),0.2526355421686747,0.5668604651162791
LR (multivariate),0.2554593373493976,0.5668604651162791
LR (multivariate),0.2554593373493976,0.5683139534883721
LR (multivariate),0.25696536144578314,0.5683139534883721
LR (multivariate),0.25696536144578314,0.5697674418604651
LR (multivariate),0.2571536144578313,0.5697674418604651
LR (multivariate),0.2571536144578313,0.5712209302325582
LR (multivariate),0.2588478915662651,0.5712209302325582
LR (multivariate),0.2588478915662651,0.5726744186046512
LR (multivariate),0.25903614457831325,0.5726744186046512
LR (multivariate),0.25903614457831325,0.5741279069767442
LR (multivariate),0.2592243975903614,0.5741279069767442
LR (multivariate),0.2592243975903614,0.5755813953488372
LR (multivariate),0.25941265060240964,0.5755813953488372
LR (multivariate),0.25941265060240964,0.5784883720930233
LR (multivariate),0.2601656626506024,0.5784883720930233
LR (multivariate),0.2601656626506024,0.5799418604651163
LR (multivariate),0.26167168674698793,0.5799418604651163
LR (multivariate),0.26167168674698793,0.5813953488372093
LR (multivariate),0.2631777108433735,0.5813953488372093
LR (multivariate),0.2631777108433735,0.5828488372093024
LR (multivariate),0.2635542168674699,0.5828488372093024
LR (multivariate),0.2635542168674699,0.5843023255813954
LR (multivariate),0.2660015060240964,0.5843023255813954
LR (multivariate),0.2660015060240964,0.5857558139534884
LR (multivariate),0.26656626506024095,0.5857558139534884
LR (multivariate),0.26656626506024095,0.5872093023255814
LR (multivariate),0.26675451807228917,0.5872093023255814
LR (multivariate),0.26675451807228917,0.5886627906976745
LR (multivariate),0.26731927710843373,0.5886627906976745
LR (multivariate),0.26731927710843373,0.5901162790697675
LR (multivariate),0.2682605421686747,0.5901162790697675
LR (multivariate),0.2682605421686747,0.5915697674418605
LR (multivariate),0.2684487951807229,0.5915697674418605
LR (multivariate),0.2684487951807229,0.5930232558139535
LR (multivariate),0.27146084337349397,0.5930232558139535
LR (multivariate),0.27146084337349397,0.5944767441860465
LR (multivariate),0.2733433734939759,0.5944767441860465
LR (multivariate),0.2733433734939759,0.5959302325581395
LR (multivariate),0.2757906626506024,0.5959302325581395
LR (multivariate),0.2757906626506024,0.6002906976744186
LR (multivariate),0.2784262048192771,0.6002906976744186
LR (multivariate),0.2784262048192771,0.6017441860465116
LR (multivariate),0.2788027108433735,0.6017441860465116
LR (multivariate),0.2788027108433735,0.6031976744186046
LR (multivariate),0.27993222891566266,0.6031976744186046
LR (multivariate),0.27993222891566266,0.6046511627906976
LR (multivariate),0.28012048192771083,0.6046511627906976
LR (multivariate),0.28012048192771083,0.6061046511627907
LR (multivariate),0.2804969879518072,0.6061046511627907
LR (multivariate),0.2804969879518072,0.6075581395348837
LR (multivariate),0.28106174698795183,0.6075581395348837
LR (multivariate),0.28106174698795183,0.6090116279069767
LR (multivariate),0.28426204819277107,0.6090116279069767
LR (multivariate),0.28426204819277107,0.6104651162790697
LR (multivariate),0.2844503012048193,0.6104651162790697
LR (multivariate),0.2844503012048193,0.6119186046511628
LR (multivariate),0.2859563253012048,0.6119186046511628
LR (multivariate),0.2859563253012048,0.6133720930232558
LR (multivariate),0.2884036144578313,0.6133720930232558
LR (multivariate),0.2884036144578313,0.6148255813953488
LR (multivariate),0.28990963855421686,0.6148255813953488
LR (multivariate),0.28990963855421686,0.6162790697674418
LR (multivariate),0.2921686746987952,0.6162790697674418
LR (multivariate),0.2921686746987952,0.6177325581395349
LR (multivariate),0.29386295180722893,0.6177325581395349
LR (multivariate),0.29386295180722893,0.6191860465116279
LR (multivariate),0.2948042168674699,0.6191860465116279
LR (multivariate),0.2948042168674699,0.6206395348837209
LR (multivariate),0.29518072289156627,0.6206395348837209
LR (multivariate),0.29518072289156627,0.622093023255814
LR (multivariate),0.29536897590361444,0.622093023255814
LR (multivariate),0.29536897590361444,0.623546511627907
LR (multivariate),0.2976280120481928,0.623546511627907
LR (multivariate),0.2976280120481928,0.625
LR (multivariate),0.3004518072289157,0.625
LR (multivariate),0.3004518072289157,0.626453488372093
LR (multivariate),0.30064006024096385,0.626453488372093
LR (multivariate),0.30064006024096385,0.627906976744186
LR (multivariate),0.30082831325301207,0.627906976744186
LR (multivariate),0.30082831325301207,0.6293604651162791
LR (multivariate),0.30101656626506024,0.6293604651162791
LR (multivariate),0.30101656626506024,0.6308139534883721
LR (multivariate),0.3013930722891566,0.6308139534883721
LR (multivariate),0.3013930722891566,0.6322674418604651
LR (multivariate),0.3015813253012048,0.6322674418604651
LR (multivariate),0.3015813253012048,0.6337209302325582
LR (multivariate),0.3032756024096386,0.6337209302325582
LR (multivariate),0.3032756024096386,0.6351744186046512
LR (multivariate),0.3042168674698795,0.6351744186046512
LR (multivariate),0.3042168674698795,0.6366279069767442
LR (multivariate),0.30817018072289154,0.6366279069767442
LR (multivariate),0.30817018072289154,0.6380813953488372
LR (multivariate),0.3092996987951807,0.6380813953488372
LR (multivariate),0.3092996987951807,0.6395348837209303
LR (multivariate),0.30948795180722893,0.6395348837209303
LR (multivariate),0.30948795180722893,0.6409883720930233
LR (multivariate),0.3102409638554217,0.6409883720930233
LR (multivariate),0.3102409638554217,0.6424418604651163
LR (multivariate),0.3125,0.6424418604651163
LR (multivariate),0.3125,0.6438953488372093
LR (multivariate),0.31344126506024095,0.6438953488372093
LR (multivariate),0.31344126506024095,0.6453488372093024
LR (multivariate),0.3151355421686747,0.6453488372093024
LR (multivariate),0.3151355421686747,0.6482558139534884
LR (multivariate),0.31551204819277107,0.6482558139534884
LR (multivariate),0.31551204819277107,0.6497093023255814
LR (multivariate),0.31588855421686746,0.6497093023255814
LR (multivariate),0.31588855421686746,0.6511627906976745
LR (multivariate),0.31626506024096385,0.6511627906976745
LR (multivariate),0.31626506024096385,0.6526162790697675
LR (multivariate),0.31664156626506024,0.6526162790697675
LR (multivariate),0.31664156626506024,0.6540697674418605
LR (multivariate),0.3185240963855422,0.6540697674418605
LR (multivariate),0.3185240963855422,0.6569767441860465
LR (multivariate),0.3196536144578313,0.6569767441860465
LR (multivariate),0.3196536144578313,0.6584302325581395
LR (multivariate),0.32228915662650603,0.6584302325581395
LR (multivariate),0.32228915662650603,0.6598837209302325
LR (multivariate),0.3224774096385542,0.6598837209302325
LR (multivariate),0.3224774096385542,0.6613372093023255
LR (multivariate),0.3234186746987952,0.6613372093023255
LR (multivariate),0.3234186746987952,0.6627906976744186
LR (multivariate),0.32925451807228917,0.6627906976744186
LR (multivariate),0.32925451807228917,0.6642441860465116
LR (multivariate),0.3345256024096386,0.6642441860465116
LR (multivariate),0.3345256024096386,0.6656976744186046
LR (multivariate),0.3356551204819277,0.6656976744186046
LR (multivariate),0.3356551204819277,0.6671511627906976
LR (multivariate),0.3382906626506024,0.6671511627906976
LR (multivariate),0.3382906626506024,0.6686046511627907
LR (multivariate),0.3414909638554217,0.6686046511627907
LR (multivariate),0.3414909638554217,0.6700581395348837
LR (multivariate),0.34262048192771083,0.6700581395348837
LR (multivariate),0.34262048192771083,0.6715116279069767
LR (multivariate),0.3460090361445783,0.6715116279069767
LR (multivariate),0.3460090361445783,0.6729651162790697
LR (multivariate),0.3490210843373494,0.6729651162790697
LR (multivariate),0.3490210843373494,0.6744186046511628
LR (multivariate),0.34996234939759036,0.6744186046511628
LR (multivariate),0.34996234939759036,0.6758720930232558
LR (multivariate),0.35033885542168675,0.6758720930232558
LR (multivariate),0.35033885542168675,0.6773255813953488
LR (multivariate),0.3505271084337349,0.6773255813953488
LR (multivariate),0.3505271084337349,0.6787790697674418
LR (multivariate),0.35749246987951805,0.6787790697674418
LR (multivariate),0.35749246987951805,0.6802325581395349
LR (multivariate),0.3618222891566265,0.6802325581395349
LR (multivariate),0.3618222891566265,0.6816860465116279
LR (multivariate),0.36314006024096385,0.6816860465116279
LR (multivariate),0.36314006024096385,0.6831395348837209
LR (multivariate),0.3650225903614458,0.6831395348837209
LR (multivariate),0.3650225903614458,0.684593023255814
LR (multivariate),0.3697289156626506,0.684593023255814
LR (multivariate),0.3697289156626506,0.686046511627907
LR (multivariate),0.3725527108433735,0.686046511627907
LR (multivariate),0.3725527108433735,0.6875
LR (multivariate),0.3810240963855422,0.6875
LR (multivariate),0.3810240963855422,0.688953488372093
LR (multivariate),0.3823418674698795,0.688953488372093
LR (multivariate),0.3823418674698795,0.6918604651162791
LR (multivariate),0.3830948795180723,0.6918604651162791
LR (multivariate),0.3830948795180723,0.6933139534883721
LR (multivariate),0.38403614457831325,0.6933139534883721
LR (multivariate),0.38403614457831325,0.6947674418604651
LR (multivariate),0.3851656626506024,0.6947674418604651
LR (multivariate),0.3851656626506024,0.6976744186046512
LR (multivariate),0.38874246987951805,0.6976744186046512
LR (multivariate),0.38874246987951805,0.6991279069767442
LR (multivariate),0.38968373493975905,0.6991279069767442
LR (multivariate),0.38968373493975905,0.7005813953488372
LR (multivariate),0.3930722891566265,0.7005813953488372
LR (multivariate),0.3930722891566265,0.7020348837209303
LR (multivariate),0.395519578313253,0.7020348837209303
LR (multivariate),0.395519578313253,0.7034883720930233
LR (multivariate),0.3966490963855422,0.7034883720930233
LR (multivariate),0.3966490963855422,0.7049418604651163
LR (multivariate),0.4030496987951807,0.7049418604651163
LR (multivariate),0.4030496987951807,0.7063953488372093
LR (multivariate),0.40606174698795183,0.7063953488372093
LR (multivariate),0.40606174698795183,0.7078488372093024
LR (multivariate),0.40756777108433734,0.7078488372093024
LR (multivariate),0.40756777108433734,0.7093023255813954
LR (multivariate),0.40775602409638556,0.7093023255813954
LR (multivariate),0.40775602409638556,0.7107558139534884
LR (multivariate),0.4083207831325301,0.7107558139534884
LR (multivariate),0.4083207831325301,0.7122093023255814
LR (multivariate),0.4088855421686747,0.7122093023255814
LR (multivariate),0.4088855421686747,0.7136627906976745
LR (multivariate),0.416980421686747,0.7136627906976745
LR (multivariate),0.416980421686747,0.7151162790697675
LR (multivariate),0.41848644578313254,0.7151162790697675
LR (multivariate),0.41848644578313254,0.7165697674418605
LR (multivariate),0.42036897590361444,0.7165697674418605
LR (multivariate),0.42036897590361444,0.7180232558139535
LR (multivariate),0.4226280120481928,0.7180232558139535
LR (multivariate),0.4226280120481928,0.7194767441860465
LR (multivariate),0.42300451807228917,0.7194767441860465
LR (multivariate),0.42300451807228917,0.7209302325581395
LR (multivariate),0.4243222891566265,0.7209302325581395
LR (multivariate),0.4243222891566265,0.7223837209302325
LR (multivariate),0.4254518072289157,0.7223837209302325
LR (multivariate),0.4254518072289157,0.7238372093023255
LR (multivariate),0.4342996987951807,0.7238372093023255
LR (multivariate),0.4342996987951807,0.7252906976744186
LR (multivariate),0.4352409638554217,0.7252906976744186
LR (multivariate),0.4352409638554217,0.7267441860465116
LR (multivariate),0.43862951807228917,0.7267441860465116
LR (multivariate),0.43862951807228917,0.7281976744186046
LR (multivariate),0.43938253012048195,0.7281976744186046
LR (multivariate),0.43938253012048195,0.7296511627906976
LR (multivariate),0.4431475903614458,0.7296511627906976
LR (multivariate),0.4431475903614458,0.7311046511627907
LR (multivariate),0.4476656626506024,0.7311046511627907
LR (multivariate),0.4476656626506024,0.7340116279069767
LR (multivariate),0.4504894578313253,0.7340116279069767
LR (multivariate),0.4504894578313253,0.7354651162790697
LR (multivariate),0.45293674698795183,0.7354651162790697
LR (multivariate),0.45293674698795183,0.7369186046511628
LR (multivariate),0.45406626506024095,0.7369186046511628
LR (multivariate),0.45406626506024095,0.7383720930232558
LR (multivariate),0.45444277108433734,0.7383720930232558
LR (multivariate),0.45444277108433734,0.7398255813953488
LR (multivariate),0.4587725903614458,0.7398255813953488
LR (multivariate),0.4587725903614458,0.7412790697674418
LR (multivariate),0.4610316265060241,0.7412790697674418
LR (multivariate),0.4610316265060241,0.7427325581395349
LR (multivariate),0.4636671686746988,0.7427325581395349
LR (multivariate),0.4636671686746988,0.7441860465116279
LR (multivariate),0.46442018072289154,0.7441860465116279
LR (multivariate),0.46442018072289154,0.747093023255814
LR (multivariate),0.46780873493975905,0.747093023255814
LR (multivariate),0.46780873493975905,0.748546511627907
LR (multivariate),0.46818524096385544,0.748546511627907
LR (multivariate),0.46818524096385544,0.75
LR (multivariate),0.46893825301204817,0.75
LR (multivariate),0.46893825301204817,0.751453488372093
LR (multivariate),0.4743975903614458,0.751453488372093
LR (multivariate),0.4743975903614458,0.752906976744186
LR (multivariate),0.4766566265060241,0.752906976744186
LR (multivariate),0.4766566265060241,0.7543604651162791
LR (multivariate),0.4772213855421687,0.7543604651162791
LR (multivariate),0.4772213855421687,0.7558139534883721
LR (multivariate),0.4792921686746988,0.7558139534883721
LR (multivariate),0.4792921686746988,0.7572674418604651
LR (multivariate),0.48606927710843373,0.7572674418604651
LR (multivariate),0.48606927710843373,0.7587209302325582
LR (multivariate),0.4870105421686747,0.7587209302325582
LR (multivariate),0.4870105421686747,0.7601744186046512
LR (multivariate),0.49303463855421686,0.7601744186046512
LR (multivariate),0.49303463855421686,0.7616279069767442
LR (multivariate),0.49341114457831325,0.7616279069767442
LR (multivariate),0.49341114457831325,0.7630813953488372
LR (multivariate),0.49567018072289154,0.7630813953488372
LR (multivariate),0.49567018072289154,0.7659883720930233
LR (multivariate),0.49849397590361444,0.7659883720930233
LR (multivariate),0.49849397590361444,0.7674418604651163
LR (multivariate),0.5011295180722891,0.7674418604651163
LR (multivariate),0.5011295180722891,0.7688953488372093
LR (multivariate),0.505835843373494,0.7688953488372093
LR (multivariate),0.505835843373494,0.7703488372093024
LR (multivariate),0.5082831325301205,0.7703488372093024
LR (multivariate),0.5082831325301205,0.7718023255813954
LR (multivariate),0.5118599397590361,0.7718023255813954
LR (multivariate),0.5118599397590361,0.7732558139534884
LR (multivariate),0.5182605421686747,0.7732558139534884
LR (multivariate),0.5182605421686747,0.7747093023255814
LR (multivariate),0.5203313253012049,0.7747093023255814
LR (multivariate),0.5203313253012049,0.7761627906976745
LR (multivariate),0.5242846385542169,0.7761627906976745
LR (multivariate),0.5242846385542169,0.7776162790697675
LR (multivariate),0.5265436746987951,0.7776162790697675
LR (multivariate),0.5265436746987951,0.7790697674418605
LR (multivariate),0.5331325301204819,0.7790697674418605
LR (multivariate),0.5331325301204819,0.7805232558139535
LR (multivariate),0.537085843373494,0.7805232558139535
LR (multivariate),0.537085843373494,0.7819767441860465
LR (multivariate),0.5378388554216867,0.7819767441860465
LR (multivariate),0.5378388554216867,0.7834302325581395
LR (multivariate),0.5384036144578314,0.7834302325581395
LR (multivariate),0.5384036144578314,0.7848837209302325
LR (multivariate),0.5393448795180723,0.7848837209302325
LR (multivariate),0.5393448795180723,0.7863372093023255
LR (multivariate),0.5404743975903614,0.7863372093023255
LR (multivariate),0.5404743975903614,0.7877906976744186
LR (multivariate),0.5421686746987951,0.7877906976744186
LR (multivariate),0.5421686746987951,0.7892441860465116
LR (multivariate),0.545933734939759,0.7892441860465116
LR (multivariate),0.545933734939759,0.7906976744186046
LR (multivariate),0.547816265060241,0.7906976744186046
LR (multivariate),0.547816265060241,0.7921511627906976
LR (multivariate),0.5495105421686747,0.7921511627906976
LR (multivariate),0.5495105421686747,0.7950581395348837
LR (multivariate),0.5504518072289156,0.7950581395348837
LR (multivariate),0.5504518072289156,0.7965116279069767
LR (multivariate),0.5538403614457831,0.7965116279069767
LR (multivariate),0.5538403614457831,0.7979651162790697
LR (multivariate),0.557605421686747,0.7979651162790697
LR (multivariate),0.557605421686747,0.7994186046511628
LR (multivariate),0.5621234939759037,0.7994186046511628
LR (multivariate),0.5621234939759037,0.8008720930232558
LR (multivariate),0.5645707831325302,0.8008720930232558
LR (multivariate),0.5645707831325302,0.8023255813953488
LR (multivariate),0.5651355421686747,0.8023255813953488
LR (multivariate),0.5651355421686747,0.8037790697674418
LR (multivariate),0.5655120481927711,0.8037790697674418
LR (multivariate),0.5655120481927711,0.8052325581395349
LR (multivariate),0.5689006024096386,0.8052325581395349
LR (multivariate),0.5689006024096386,0.8066860465116279
LR (multivariate),0.5698418674698795,0.8066860465116279
LR (multivariate),0.5698418674698795,0.8081395348837209
LR (multivariate),0.5713478915662651,0.8081395348837209
LR (multivariate),0.5713478915662651,0.809593023255814
LR (multivariate),0.5805722891566265,0.809593023255814
LR (multivariate),0.5805722891566265,0.811046511627907
LR (multivariate),0.5841490963855421,0.811046511627907
LR (multivariate),0.5841490963855421,0.8125
LR (multivariate),0.5845256024096386,0.8125
LR (multivariate),0.5845256024096386,0.813953488372093
LR (multivariate),0.5935617469879518,0.813953488372093
LR (multivariate),0.5935617469879518,0.815406976744186
LR (multivariate),0.5943147590361446,0.815406976744186
LR (multivariate),0.5943147590361446,0.8168604651162791
LR (multivariate),0.5965737951807228,0.8168604651162791
LR (multivariate),0.5965737951807228,0.8183139534883721
LR (multivariate),0.5982680722891566,0.8183139534883721
LR (multivariate),0.5982680722891566,0.8197674418604651
LR (multivariate),0.6020331325301205,0.8197674418604651
LR (multivariate),0.6020331325301205,0.8212209302325582
LR (multivariate),0.6029743975903614,0.8212209302325582
LR (multivariate),0.6029743975903614,0.8226744186046512
LR (multivariate),0.6061746987951807,0.8226744186046512
LR (multivariate),0.6061746987951807,0.8241279069767442
LR (multivariate),0.6123870481927711,0.8241279069767442
LR (multivariate),0.6123870481927711,0.8255813953488372
LR (multivariate),0.6135165662650602,0.8255813953488372
LR (multivariate),0.6135165662650602,0.8270348837209303
LR (multivariate),0.615210843373494,0.8270348837209303
LR (multivariate),0.615210843373494,0.8284883720930233
LR (multivariate),0.6223644578313253,0.8284883720930233
LR (multivariate),0.6223644578313253,0.8299418604651163
LR (multivariate),0.6229292168674698,0.8299418604651163
LR (multivariate),0.6229292168674698,0.8313953488372093
LR (multivariate),0.6253765060240963,0.8313953488372093
LR (multivariate),0.6253765060240963,0.8328488372093024
LR (multivariate),0.6355421686746988,0.8328488372093024
LR (multivariate),0.6355421686746988,0.8343023255813954
LR (multivariate),0.6391189759036144,0.8343023255813954
LR (multivariate),0.6391189759036144,0.8357558139534884
LR (multivariate),0.6524849397590361,0.8357558139534884
LR (multivariate),0.6524849397590361,0.8372093023255814
LR (multivariate),0.6526731927710844,0.8372093023255814
LR (multivariate),0.6526731927710844,0.8386627906976745
LR (multivariate),0.6536144578313253,0.8386627906976745
LR (multivariate),0.6536144578313253,0.8401162790697675
LR (multivariate),0.6594503012048193,0.8401162790697675
LR (multivariate),0.6594503012048193,0.8415697674418605
LR (multivariate),0.6624623493975904,0.8415697674418605
LR (multivariate),0.6624623493975904,0.8430232558139535
LR (multivariate),0.6645331325301205,0.8430232558139535
LR (multivariate),0.6645331325301205,0.8444767441860465
LR (multivariate),0.6686746987951807,0.8444767441860465
LR (multivariate),0.6686746987951807,0.8459302325581395
LR (multivariate),0.6692394578313253,0.8459302325581395
LR (multivariate),0.6692394578313253,0.8473837209302325
LR (multivariate),0.6698042168674698,0.8473837209302325
LR (multivariate),0.6698042168674698,0.8488372093023255
LR (multivariate),0.6730045180722891,0.8488372093023255
LR (multivariate),0.6730045180722891,0.8502906976744186
LR (multivariate),0.6765813253012049,0.8502906976744186
LR (multivariate),0.6765813253012049,0.8517441860465116
LR (multivariate),0.6807228915662651,0.8517441860465116
LR (multivariate),0.6807228915662651,0.8531976744186046
LR (multivariate),0.6809111445783133,0.8531976744186046
LR (multivariate),0.6809111445783133,0.8546511627906976
LR (multivariate),0.6827936746987951,0.8546511627906976
LR (multivariate),0.6827936746987951,0.8575581395348837
LR (multivariate),0.6833584337349398,0.8575581395348837
LR (multivariate),0.6833584337349398,0.8590116279069767
LR (multivariate),0.6837349397590361,0.8590116279069767
LR (multivariate),0.6837349397590361,0.8604651162790697
LR (multivariate),0.6848644578313253,0.8604651162790697
LR (multivariate),0.6848644578313253,0.8619186046511628
LR (multivariate),0.6907003012048193,0.8619186046511628
LR (multivariate),0.6907003012048193,0.8633720930232558
LR (multivariate),0.6940888554216867,0.8633720930232558
LR (multivariate),0.6940888554216867,0.8648255813953488
LR (multivariate),0.6950301204819277,0.8648255813953488
LR (multivariate),0.6950301204819277,0.8662790697674418
LR (multivariate),0.6967243975903614,0.8662790697674418
LR (multivariate),0.6967243975903614,0.8677325581395349
LR (multivariate),0.7029367469879518,0.8677325581395349
LR (multivariate),0.7029367469879518,0.8691860465116279
LR (multivariate),0.7078313253012049,0.8691860465116279
LR (multivariate),0.7078313253012049,0.8706395348837209
LR (multivariate),0.7155496987951807,0.8706395348837209
LR (multivariate),0.7155496987951807,0.872093023255814
LR (multivariate),0.7168674698795181,0.872093023255814
LR (multivariate),0.7168674698795181,0.873546511627907
LR (multivariate),0.7228915662650602,0.873546511627907
LR (multivariate),0.7228915662650602,0.875
LR (multivariate),0.7242093373493976,0.875
LR (multivariate),0.7242093373493976,0.876453488372093
LR (multivariate),0.728539156626506,0.876453488372093
LR (multivariate),0.728539156626506,0.877906976744186
LR (multivariate),0.7296686746987951,0.877906976744186
LR (multivariate),0.7296686746987951,0.8808139534883721
LR (multivariate),0.7306099397590361,0.8808139534883721
LR (multivariate),0.7306099397590361,0.8822674418604651
LR (multivariate),0.7321159638554217,0.8822674418604651
LR (multivariate),0.7321159638554217,0.8837209302325582
LR (multivariate),0.7366340361445783,0.8837209302325582
LR (multivariate),0.7366340361445783,0.8851744186046512
LR (multivariate),0.739269578313253,0.8851744186046512
LR (multivariate),0.739269578313253,0.8866279069767442
LR (multivariate),0.7430346385542169,0.8866279069767442
LR (multivariate),0.7430346385542169,0.8880813953488372
LR (multivariate),0.7437876506024096,0.8880813953488372
LR (multivariate),0.7437876506024096,0.8895348837209303
LR (multivariate),0.7477409638554217,0.8895348837209303
LR (multivariate),0.7477409638554217,0.8909883720930233
LR (multivariate),0.7552710843373494,0.8909883720930233
LR (multivariate),0.7552710843373494,0.8924418604651163
LR (multivariate),0.7556475903614458,0.8924418604651163
LR (multivariate),0.7556475903614458,0.8938953488372093
LR (multivariate),0.7594126506024096,0.8938953488372093
LR (multivariate),0.7594126506024096,0.8953488372093024
LR (multivariate),0.7603539156626506,0.8953488372093024
LR (multivariate),0.7603539156626506,0.8968023255813954
LR (multivariate),0.765625,0.8968023255813954
LR (multivariate),0.765625,0.8982558139534884
LR (multivariate),0.7708960843373494,0.8982558139534884
LR (multivariate),0.7708960843373494,0.8997093023255814
LR (multivariate),0.7765436746987951,0.8997093023255814
LR (multivariate),0.7765436746987951,0.9011627906976745
LR (multivariate),0.7793674698795181,0.9011627906976745
LR (multivariate),0.7793674698795181,0.9026162790697675
LR (multivariate),0.8010165662650602,0.9026162790697675
LR (multivariate),0.8010165662650602,0.9040697674418605
LR (multivariate),0.8025225903614458,0.9040697674418605
LR (multivariate),0.8025225903614458,0.9055232558139535
LR (multivariate),0.8034638554216867,0.9055232558139535
LR (multivariate),0.8034638554216867,0.9069767441860465
LR (multivariate),0.8055346385542169,0.9069767441860465
LR (multivariate),0.8055346385542169,0.9084302325581395
LR (multivariate),0.8074171686746988,0.9084302325581395
LR (multivariate),0.8074171686746988,0.9113372093023255
LR (multivariate),0.8079819277108434,0.9113372093023255
LR (multivariate),0.8079819277108434,0.9127906976744186
LR (multivariate),0.8089231927710844,0.9127906976744186
LR (multivariate),0.8089231927710844,0.9142441860465116
LR (multivariate),0.8109939759036144,0.9142441860465116
LR (multivariate),0.8109939759036144,0.9156976744186046
LR (multivariate),0.811558734939759,0.9156976744186046
LR (multivariate),0.811558734939759,0.9171511627906976
LR (multivariate),0.8172063253012049,0.9171511627906976
LR (multivariate),0.8172063253012049,0.9186046511627907
LR (multivariate),0.817394578313253,0.9186046511627907
LR (multivariate),0.817394578313253,0.9200581395348837
LR (multivariate),0.8179593373493976,0.9200581395348837
LR (multivariate),0.8179593373493976,0.9215116279069767
LR (multivariate),0.818335843373494,0.9215116279069767
LR (multivariate),0.818335843373494,0.9229651162790697
LR (multivariate),0.828125,0.9229651162790697
LR (multivariate),0.828125,0.9258720930232558
LR (multivariate),0.8386671686746988,0.9258720930232558
LR (multivariate),0.8386671686746988,0.9273255813953488
LR (multivariate),0.8392319277108434,0.9273255813953488
LR (multivariate),0.8392319277108434,0.9287790697674418
LR (multivariate),0.8441265060240963,0.9287790697674418
LR (multivariate),0.8441265060240963,0.9302325581395349
LR (multivariate),0.8452560240963856,0.9302325581395349
LR (multivariate),0.8452560240963856,0.9316860465116279
LR (multivariate),0.8480798192771084,0.9316860465116279
LR (multivariate),0.8480798192771084,0.9331395348837209
LR (multivariate),0.848644578313253,0.9331395348837209
LR (multivariate),0.848644578313253,0.934593023255814
LR (multivariate),0.8580572289156626,0.934593023255814
LR (multivariate),0.8580572289156626,0.936046511627907
LR (multivariate),0.8588102409638554,0.936046511627907
LR (multivariate),0.8588102409638554,0.9375
LR (multivariate),0.8606927710843374,0.9375
LR (multivariate),0.8606927710843374,0.938953488372093
LR (multivariate),0.8614457831325302,0.938953488372093
LR (multivariate),0.8614457831325302,0.940406976744186
LR (multivariate),0.864269578313253,0.940406976744186
LR (multivariate),0.864269578313253,0.9433139534883721
LR (multivariate),0.8682228915662651,0.9433139534883721
LR (multivariate),0.8682228915662651,0.9447674418604651
LR (multivariate),0.8697289156626506,0.9447674418604651
LR (multivariate),0.8697289156626506,0.9462209302325582
LR (multivariate),0.8717996987951807,0.9462209302325582
LR (multivariate),0.8717996987951807,0.9476744186046512
LR (multivariate),0.8812123493975904,0.9476744186046512
LR (multivariate),0.8812123493975904,0.9491279069767442
LR (multivariate),0.8846009036144579,0.9491279069767442
LR (multivariate),0.8846009036144579,0.9505813953488372
LR (multivariate),0.8885542168674698,0.9505813953488372
LR (multivariate),0.8885542168674698,0.9520348837209303
LR (multivariate),0.8962725903614458,0.9520348837209303
LR (multivariate),0.8962725903614458,0.9534883720930233
LR (multivariate),0.8975903614457831,0.9534883720930233
LR (multivariate),0.8975903614457831,0.9549418604651163
LR (multivariate),0.8996611445783133,0.9549418604651163
LR (multivariate),0.8996611445783133,0.9563953488372093
LR (multivariate),0.900414156626506,0.9563953488372093
LR (multivariate),0.900414156626506,0.9578488372093024
LR (multivariate),0.9007906626506024,0.9578488372093024
LR (multivariate),0.9007906626506024,0.9593023255813954
LR (multivariate),0.9021084337349398,0.9593023255813954
LR (multivariate),0.9021084337349398,0.9607558139534884
LR (multivariate),0.9094503012048193,0.9607558139534884
LR (multivariate),0.9094503012048193,0.9622093023255814
LR (multivariate),0.9147213855421686,0.9622093023255814
LR (multivariate),0.9147213855421686,0.9636627906976745
LR (multivariate),0.9182981927710844,0.9636627906976745
LR (multivariate),0.9182981927710844,0.9651162790697675
LR (multivariate),0.9309111445783133,0.9651162790697675
LR (multivariate),0.9309111445783133,0.9665697674418605
LR (multivariate),0.9335466867469879,0.9665697674418605
LR (multivariate),0.9335466867469879,0.9680232558139535
LR (multivariate),0.9350527108433735,0.9680232558139535
LR (multivariate),0.9350527108433735,0.9694767441860465
LR (multivariate),0.9382530120481928,0.9694767441860465
LR (multivariate),0.9382530120481928,0.9709302325581395
LR (multivariate),0.9444653614457831,0.9709302325581395
LR (multivariate),0.9444653614457831,0.9723837209302325
LR (multivariate),0.9471009036144579,0.9723837209302325
LR (multivariate),0.9471009036144579,0.9738372093023255
LR (multivariate),0.9508659638554217,0.9738372093023255
LR (multivariate),0.9508659638554217,0.9752906976744186
LR (multivariate),0.9572665662650602,0.9752906976744186
LR (multivariate),0.9572665662650602,0.9767441860465116
LR (multivariate),0.958019578313253,0.9767441860465116
LR (multivariate),0.958019578313253,0.9781976744186046
LR (multivariate),0.962914156626506,0.9781976744186046
LR (multivariate),0.962914156626506,0.9796511627906976
LR (multivariate),0.9644201807228916,0.9796511627906976
LR (multivariate),0.9644201807228916,0.9811046511627907
LR (multivariate),0.9647966867469879,0.9811046511627907
LR (multivariate),0.9647966867469879,0.9825581395348837
LR (multivariate),0.9657379518072289,0.9825581395348837
LR (multivariate),0.9657379518072289,0.9854651162790697
LR (multivariate),0.9666792168674698,0.9854651162790697
LR (multivariate),0.9666792168674698,0.9869186046511628
LR (multivariate),0.9704442771084337,0.9869186046511628
LR (multivariate),0.9704442771084337,0.9883720930232558
LR (multivariate),0.9779743975903614,0.9883720930232558
LR (multivariate),0.9779743975903614,0.9898255813953488
LR (multivariate),0.9875753012048193,0.9898255813953488
LR (multivariate),0.9875753012048193,0.9912790697674418
LR (multivariate),0.9877635542168675,0.9912790697674418
LR (multivariate),0.9877635542168675,0.9927325581395349
LR (multivariate),0.9881400602409639,0.9927325581395349
LR (multivariate),0.9881400602409639,0.9941860465116279
LR (multivariate),0.9926581325301205,0.9941860465116279
LR (multivariate),0.9926581325301205,0.9956395348837209
LR (multivariate),0.9932228915662651,0.9956395348837209
LR (multivariate),0.9932228915662651,0.997093023255814
LR (multivariate),0.9967996987951807,0.997093023255814
LR (multivariate),0.9967996987951807,0.998546511627907
LR (multivariate),0.9988704819277109,0.998546511627907
LR (multivariate),0.9988704819277109,1.0
LR (multivariate),1.0,1.0
Random Forest,0.0,0.0
Random Forest,0.00018825301204819278,0.0
Random Forest,0.0005647590361445783,0.0
Random Forest,0.0005647590361445783,0.0029069767441860465
Random Forest,0.0011295180722891566,0.0029069767441860465
Random Forest,0.0011295180722891566,0.007267441860465116
Random Forest,0.0015060240963855422,0.007267441860465116
Random Forest,0.0015060240963855422,0.010174418604651164
Random Forest,0.001694277108433735,0.010174418604651164
Random Forest,0.001694277108433735,0.011627906976744186
Random Forest,0.002259036144578313,0.011627906976744186
Random Forest,0.002259036144578313,0.01308139534883721
Random Forest,0.002447289156626506,0.01308139534883721
Random Forest,0.002447289156626506,0.014534883720930232
Random Forest,0.003200301204819277,0.014534883720930232
Random Forest,0.003200301204819277,0.015988372093023256
Random Forest,0.0037650602409638554,0.015988372093023256
Random Forest,0.0037650602409638554,0.02180232558139535
Random Forest,0.004518072289156626,0.02180232558139535
Random Forest,0.004518072289156626,0.023255813953488372
Random Forest,0.005271084337349397,0.023255813953488372
Random Forest,0.005271084337349397,0.027616279069767442
Random Forest,0.005459337349397591,0.027616279069767442
Random Forest,0.005459337349397591,0.029069767441860465
Random Forest,0.0062123493975903615,0.029069767441860465
Random Forest,0.0062123493975903615,0.030523255813953487
Random Forest,0.006400602409638554,0.030523255813953487
Random Forest,0.006400602409638554,0.03488372093023256
Random Forest,0.007153614457831325,0.03488372093023256
Random Forest,0.007153614457831325,0.0377906976744186
Random Forest,0.007718373493975903,0.0377906976744186
Random Forest,0.007718373493975903,0.04215116279069767
Random Forest,0.008471385542168674,0.04215116279069767
Random Forest,0.008471385542168674,0.0436046511627907
Random Forest,0.008659638554216868,0.0436046511627907
Random Forest,0.008659638554216868,0.04796511627906977
Random Forest,0.009036144578313253,0.04796511627906977
Random Forest,0.009036144578313253,0.04941860465116279
Random Forest,0.00941265060240964,0.04941860465116279
Random Forest,0.00941265060240964,0.050872093023255814
Random Forest,0.009789156626506024,0.050872093023255814
Random Forest,0.009789156626506024,0.056686046511627904
Random Forest,0.01016566265060241,0.056686046511627904
Random Forest,0.01016566265060241,0.05813953488372093
Random Forest,0.010353915662650603,0.05813953488372093
Random Forest,0.010353915662650603,0.0625
Random Forest,0.010542168674698794,0.0625
Random Forest,0.010542168674698794,0.06395348837209303
Random Forest,0.010730421686746988,0.06395348837209303
Random Forest,0.010730421686746988,0.06686046511627906
Random Forest,0.011106927710843373,0.06686046511627906
Random Forest,0.011106927710843373,0.06976744186046512
Random Forest,0.011859939759036145,0.06976744186046512
Random Forest,0.011859939759036145,0.07122093023255814
Random Forest,0.012048192771084338,0.07122093023255814
Random Forest,0.012048192771084338,0.07267441860465117
Random Forest,0.01223644578313253,0.07267441860465117
Random Forest,0.01223644578313253,0.07412790697674419
Random Forest,0.012612951807228916,0.07412790697674419
Random Forest,0.012612951807228916,0.08139534883720931
Random Forest,0.013742469879518071,0.08139534883720931
Random Forest,0.013742469879518071,0.08284883720930232
Random Forest,0.013930722891566265,0.08284883720930232
Random Forest,0.013930722891566265,0.08430232558139535
Random Forest,0.01430722891566265,0.08430232558139535
Random Forest,0.01430722891566265,0.0872093023255814
Random Forest,0.014683734939759037,0.0872093023255814
Random Forest,0.014683734939759037,0.09011627906976744
Random Forest,0.015248493975903615,0.09011627906976744
Random Forest,0.015248493975903615,0.09156976744186046
Random Forest,0.015436746987951807,0.09156976744186046
Random Forest,0.015436746987951807,0.09302325581395349
Random Forest,0.015625,0.09302325581395349
Random Forest,0.015625,0.09593023255813954
Random Forest,0.017507530120481927,0.09593023255813954
Random Forest,0.017507530120481927,0.09738372093023256
Random Forest,0.017695783132530122,0.09738372093023256
Random Forest,0.017695783132530122,0.1002906976744186
Random Forest,0.017884036144578314,0.1002906976744186
Random Forest,0.017884036144578314,0.10174418604651163
Random Forest,0.018072289156626505,0.10174418604651163
Random Forest,0.018072289156626505,0.10319767441860465
Random Forest,0.018637048192771084,0.10319767441860465
Random Forest,0.018637048192771084,0.10901162790697674
Random Forest,0.01882530120481928,0.10901162790697674
Random Forest,0.01882530120481928,0.11046511627906977
Random Forest,0.019201807228915662,0.11046511627906977
Random Forest,0.019201807228915662,0.1119186046511628
Random Forest,0.020143072289156627,0.1119186046511628
Random Forest,0.020143072289156627,0.11337209302325581
Random Forest,0.02051957831325301,0.11337209302325581
Random Forest,0.02051957831325301,0.11918604651162791
Random Forest,0.020896084337349397,0.11918604651162791
Random Forest,0.020896084337349397,0.12354651162790697
Random Forest,0.02108433734939759,0.12354651162790697
Random Forest,0.02108433734939759,0.125
Random Forest,0.021460843373493976,0.125
Random Forest,0.021460843373493976,0.12790697674418605
Random Forest,0.021837349397590362,0.12790697674418605
Random Forest,0.021837349397590362,0.12936046511627908
Random Forest,0.022025602409638554,0.12936046511627908
Random Forest,0.022025602409638554,0.1308139534883721
Random Forest,0.02296686746987952,0.1308139534883721
Random Forest,0.02296686746987952,0.13226744186046513
Random Forest,0.023343373493975902,0.13226744186046513
Random Forest,0.023343373493975902,0.13372093023255813
Random Forest,0.02371987951807229,0.13372093023255813
Random Forest,0.02371987951807229,0.13517441860465115
Random Forest,0.024284638554216868,0.13517441860465115
Random Forest,0.024284638554216868,0.13662790697674418
Random Forest,0.02447289156626506,0.13662790697674418
Random Forest,0.02447289156626506,0.1380813953488372
Random Forest,0.025602409638554216,0.1380813953488372
Random Forest,0.025602409638554216,0.14534883720930233
Random Forest,0.025978915662650603,0.14534883720930233
Random Forest,0.025978915662650603,0.14680232558139536
Random Forest,0.02635542168674699,0.14680232558139536
Random Forest,0.02635542168674699,0.14970930232558138
Random Forest,0.02654367469879518,0.14970930232558138
Random Forest,0.02654367469879518,0.1511627906976744
Random Forest,0.027484939759036143,0.1511627906976744
Random Forest,0.027484939759036143,0.15261627906976744
Random Forest,0.02804969879518072,0.15261627906976744
Random Forest,0.02804969879518072,0.15406976744186046
Random Forest,0.028237951807228916,0.15406976744186046
Random Forest,0.028237951807228916,0.1569767441860465
Random Forest,0.029743975903614456,0.1569767441860465
Random Forest,0.029743975903614456,0.15843023255813954
Random Forest,0.030873493975903613,0.15843023255813954
Random Forest,0.030873493975903613,0.15988372093023256
Random Forest,0.03125,0.15988372093023256
Random Forest,0.03125,0.16424418604651161
Random Forest,0.03162650602409638,0.16424418604651161
Random Forest,0.03162650602409638,0.16715116279069767
Random Forest,0.03181475903614458,0.16715116279069767
Random Forest,0.03181475903614458,0.17151162790697674
Random Forest,0.03219126506024096,0.17151162790697674
Random Forest,0.03219126506024096,0.17587209302325582
Random Forest,0.03237951807228916,0.17587209302325582
Random Forest,0.03237951807228916,0.17732558139534885
Random Forest,0.032944277108433735,0.17732558139534885
Random Forest,0.032944277108433735,0.18313953488372092
Random Forest,0.03407379518072289,0.18313953488372092
Random Forest,0.03407379518072289,0.18459302325581395
Random Forest,0.034450301204819275,0.18459302325581395
Random Forest,0.034450301204819275,0.19186046511627908
Random Forest,0.034826807228915665,0.19186046511627908
Random Forest,0.034826807228915665,0.1933139534883721
Random Forest,0.03557981927710843,0.1933139534883721
Random Forest,0.03557981927710843,0.19476744186046513
Random Forest,0.03576807228915663,0.19476744186046513
Random Forest,0.03576807228915663,0.19622093023255813
Random Forest,0.03595632530120482,0.19622093023255813
Random Forest,0.03595632530120482,0.19767441860465115
Random Forest,0.03614457831325301,0.19767441860465115
Random Forest,0.03614457831325301,0.2005813953488372
Random Forest,0.0365210843373494,0.2005813953488372
Random Forest,0.0365210843373494,0.20348837209302326
Random Forest,0.03670933734939759,0.20348837209302326
Random Forest,0.03670933734939759,0.20784883720930233
Random Forest,0.036897590361445784,0.20784883720930233
Random Forest,0.036897590361445784,0.20930232558139536
Random Forest,0.03708584337349398,0.20930232558139536
Random Forest,0.03708584337349398,0.21075581395348839
Random Forest,0.03746234939759036,0.21075581395348839
Random Forest,0.03746234939759036,0.21220930232558138
Random Forest,0.03765060240963856,0.21220930232558138
Random Forest,0.03765060240963856,0.21656976744186046
Random Forest,0.03802710843373494,0.21656976744186046
Random Forest,0.03802710843373494,0.2194767441860465
Random Forest,0.038780120481927714,0.2194767441860465
Random Forest,0.038780120481927714,0.2238372093023256
Random Forest,0.0391566265060241,0.2238372093023256
Random Forest,0.0391566265060241,0.22529069767441862
Random Forest,0.039909638554216864,0.22529069767441862
Random Forest,0.039909638554216864,0.22819767441860464
Random Forest,0.04066265060240964,0.22819767441860464
Random Forest,0.04066265060240964,0.2311046511627907
Random Forest,0.04103915662650602,0.2311046511627907
Random Forest,0.04103915662650602,0.23255813953488372
Random Forest,0.04292168674698795,0.23255813953488372
Random Forest,0.04292168674698795,0.23401162790697674
Random Forest,0.043298192771084335,0.23401162790697674
Random Forest,0.043298192771084335,0.23546511627906977
Random Forest,0.04386295180722891,0.23546511627906977
Random Forest,0.04386295180722891,0.2369186046511628
Random Forest,0.0442394578313253,0.2369186046511628
Random Forest,0.0442394578313253,0.23837209302325582
Random Forest,0.04442771084337349,0.23837209302325582
Random Forest,0.04442771084337349,0.24127906976744187
Random Forest,0.045180722891566265,0.24127906976744187
Random Forest,0.045180722891566265,0.24273255813953487
Random Forest,0.04593373493975904,0.24273255813953487
Random Forest,0.04593373493975904,0.2441860465116279
Random Forest,0.04649849397590362,0.2441860465116279
Random Forest,0.04649849397590362,0.251453488372093
Random Forest,0.046875,0.251453488372093
Random Forest,0.046875,0.25290697674418605
Random Forest,0.04781626506024096,0.25290697674418605
Random Forest,0.04781626506024096,0.25872093023255816
Random Forest,0.04800451807228916,0.25872093023255816
Random Forest,0.04800451807228916,0.26308139534883723
Random Forest,0.04838102409638554,0.26308139534883723
Random Forest,0.04838102409638554,0.26598837209302323
Random Forest,0.049134036144578314,0.26598837209302323
Random Forest,0.049134036144578314,0.26744186046511625
Random Forest,0.04932228915662651,0.26744186046511625
Random Forest,0.04932228915662651,0.2688953488372093
Random Forest,0.0495105421686747,0.2688953488372093
Random Forest,0.0495105421686747,0.2703488372093023
Random Forest,0.04969879518072289,0.2703488372093023
Random Forest,0.04969879518072289,0.27180232558139533
Random Forest,0.050075301204819275,0.27180232558139533
Random Forest,0.050075301204819275,0.27325581395348836
Random Forest,0.050640060240963854,0.27325581395348836
Random Forest,0.050640060240963854,0.2747093023255814
Random Forest,0.05082831325301205,0.2747093023255814
Random Forest,0.05082831325301205,0.2819767441860465
Random Forest,0.05176957831325301,0.2819767441860465
Random Forest,0.05176957831325301,0.28343023255813954
Random Forest,0.05233433734939759,0.28343023255813954
Random Forest,0.05233433734939759,0.2863372093023256
Random Forest,0.053840361445783136,0.2863372093023256
Random Forest,0.053840361445783136,0.2877906976744186
Random Forest,0.054028614457831324,0.2877906976744186
Random Forest,0.054028614457831324,0.28924418604651164
Random Forest,0.05421686746987952,0.28924418604651164
Random Forest,0.05421686746987952,0.2921511627906977
Random Forest,0.05515813253012048,0.2921511627906977
Random Forest,0.05515813253012048,0.2936046511627907
Random Forest,0.05572289156626506,0.2936046511627907
Random Forest,0.05572289156626506,0.29505813953488375
Random Forest,0.05609939759036144,0.29505813953488375
Random Forest,0.05609939759036144,0.29796511627906974
Random Forest,0.05628765060240964,0.29796511627906974
Random Forest,0.05628765060240964,0.29941860465116277
Random Forest,0.056852409638554216,0.29941860465116277
Random Forest,0.056852409638554216,0.3008720930232558
Random Forest,0.05704066265060241,0.3008720930232558
Random Forest,0.05704066265060241,0.3023255813953488
Random Forest,0.057417168674698794,0.3023255813953488
Random Forest,0.057417168674698794,0.30377906976744184
Random Forest,0.05911144578313253,0.30377906976744184
Random Forest,0.05911144578313253,0.30523255813953487
Random Forest,0.05967620481927711,0.30523255813953487
Random Forest,0.05967620481927711,0.30959302325581395
Random Forest,0.06061746987951807,0.30959302325581395
Random Forest,0.06061746987951807,0.311046511627907
Random Forest,0.060805722891566265,0.311046511627907
Random Forest,0.060805722891566265,0.31540697674418605
Random Forest,0.06137048192771084,0.31540697674418605
Random Forest,0.06137048192771084,0.3183139534883721
Random Forest,0.061746987951807226,0.3183139534883721
Random Forest,0.061746987951807226,0.31976744186046513
Random Forest,0.0625,0.31976744186046513
Random Forest,0.0625,0.32122093023255816
Random Forest,0.06287650602409639,0.32122093023255816
Random Forest,0.06287650602409639,0.32994186046511625
Random Forest,0.06325301204819277,0.32994186046511625
Random Forest,0.06325301204819277,0.3328488372093023
Random Forest,0.06344126506024096,0.3328488372093023
Random Forest,0.06344126506024096,0.33430232558139533
Random Forest,0.06551204819277108,0.33430232558139533
Random Forest,0.06551204819277108,0.33575581395348836
Random Forest,0.06588855421686747,0.33575581395348836
Random Forest,0.06588855421686747,0.3386627906976744
Random Forest,0.06607680722891567,0.3386627906976744
Random Forest,0.06607680722891567,0.34011627906976744
Random Forest,0.06701807228915663,0.34011627906976744
Random Forest,0.06701807228915663,0.34156976744186046
Random Forest,0.06720632530120482,0.34156976744186046
Random Forest,0.06720632530120482,0.3430232558139535
Random Forest,0.06795933734939759,0.3430232558139535
Random Forest,0.06795933734939759,0.3444767441860465
Random Forest,0.06852409638554217,0.3444767441860465
Random Forest,0.06852409638554217,0.34593023255813954
Random Forest,0.06946536144578314,0.34593023255813954
Random Forest,0.06946536144578314,0.3488372093023256
Random Forest,0.07078313253012049,0.3488372093023256
Random Forest,0.07078313253012049,0.35319767441860467
Random Forest,0.07097138554216867,0.35319767441860467
Random Forest,0.07097138554216867,0.3546511627906977
Random Forest,0.07115963855421686,0.3546511627906977
Random Forest,0.07115963855421686,0.3561046511627907
Random Forest,0.07210090361445783,0.3561046511627907
Random Forest,0.07210090361445783,0.35901162790697677
Random Forest,0.07247740963855422,0.35901162790697677
Random Forest,0.07247740963855422,0.3633720930232558
Random Forest,0.07266566265060241,0.3633720930232558
Random Forest,0.07266566265060241,0.3691860465116279
Random Forest,0.0728539156626506,0.3691860465116279
Random Forest,0.0728539156626506,0.3706395348837209
Random Forest,0.07473644578313253,0.3706395348837209
Random Forest,0.07473644578313253,0.37209302325581395
Random Forest,0.07511295180722892,0.37209302325581395
Random Forest,0.07511295180722892,0.373546511627907
Random Forest,0.0754894578313253,0.373546511627907
Random Forest,0.0754894578313253,0.376453488372093
Random Forest,0.07643072289156627,0.376453488372093
Random Forest,0.07643072289156627,0.37790697674418605
Random Forest,0.07737198795180723,0.37790697674418605
Random Forest,0.07737198795180723,0.3793604651162791
Random Forest,0.078125,0.3793604651162791
Random Forest,0.078125,0.3851744186046512
Random Forest,0.07906626506024096,0.3851744186046512
Random Forest,0.07906626506024096,0.3866279069767442
Random Forest,0.07981927710843373,0.3866279069767442
Random Forest,0.07981927710843373,0.38808139534883723
Random Forest,0.08019578313253012,0.38808139534883723
Random Forest,0.08019578313253012,0.39244186046511625
Random Forest,0.0858433734939759,0.39244186046511625
Random Forest,0.0858433734939759,0.3938953488372093
Random Forest,0.08810240963855422,0.3938953488372093
Random Forest,0.08810240963855422,0.3953488372093023
Random Forest,0.08979668674698796,0.3953488372093023
Random Forest,0.08979668674698796,0.39825581395348836
Random Forest,0.09017319277108433,0.39825581395348836
Random Forest,0.09017319277108433,0.3997093023255814
Random Forest,0.09036144578313253,0.3997093023255814
Random Forest,0.09036144578313253,0.4011627906976744
Random Forest,0.09205572289156627,0.4011627906976744
Random Forest,0.09205572289156627,0.40261627906976744
Random Forest,0.09224397590361445,0.40261627906976744
Random Forest,0.09224397590361445,0.4055232558139535
Random Forest,0.09318524096385543,0.4055232558139535
Random Forest,0.09318524096385543,0.4069767441860465
Random Forest,0.09506777108433735,0.4069767441860465
Random Forest,0.09506777108433735,0.40843023255813954
Random Forest,0.09563253012048192,0.40843023255813954
Random Forest,0.09563253012048192,0.40988372093023256
Random Forest,0.09582078313253012,0.40988372093023256
Random Forest,0.09582078313253012,0.4113372093023256
Random Forest,0.09600903614457831,0.4113372093023256
Random Forest,0.09600903614457831,0.4127906976744186
Random Forest,0.09732680722891567,0.4127906976744186
Random Forest,0.09732680722891567,0.41424418604651164
Random Forest,0.09770331325301204,0.41424418604651164
Random Forest,0.09770331325301204,0.4186046511627907
Random Forest,0.09826807228915663,0.4186046511627907
Random Forest,0.09826807228915663,0.42005813953488375
Random Forest,0.09845632530120482,0.42005813953488375
Random Forest,0.09845632530120482,0.42151162790697677
Random Forest,0.09920933734939759,0.42151162790697677
Random Forest,0.09920933734939759,0.42296511627906974
Random Forest,0.09977409638554217,0.42296511627906974
Random Forest,0.09977409638554217,0.42441860465116277
Random Forest,0.10015060240963855,0.42441860465116277
Random Forest,0.10015060240963855,0.4258720930232558
Random Forest,0.1016566265060241,0.4258720930232558
Random Forest,0.1016566265060241,0.4273255813953488
Random Forest,0.10523343373493976,0.4273255813953488
Random Forest,0.10523343373493976,0.42877906976744184
Random Forest,0.10617469879518072,0.42877906976744184
Random Forest,0.10617469879518072,0.43023255813953487
Random Forest,0.10636295180722892,0.43023255813953487
Random Forest,0.10636295180722892,0.4316860465116279
Random Forest,0.10655120481927711,0.4316860465116279
Random Forest,0.10655120481927711,0.4331395348837209
Random Forest,0.10824548192771084,0.4331395348837209
Random Forest,0.10824548192771084,0.436046511627907
Random Forest,0.109375,0.436046511627907
Random Forest,0.109375,0.4375
Random Forest,0.11050451807228916,0.4375
Random Forest,0.11050451807228916,0.438953488372093
Random Forest,0.11069277108433735,0.438953488372093
Random Forest,0.11069277108433735,0.44040697674418605
Random Forest,0.11144578313253012,0.44040697674418605
Random Forest,0.11144578313253012,0.4418604651162791
Random Forest,0.11295180722891567,0.4418604651162791
Random Forest,0.11295180722891567,0.4433139534883721
Random Forest,0.1144578313253012,0.4433139534883721
Random Forest,0.1144578313253012,0.44476744186046513
Random Forest,0.1146460843373494,0.44476744186046513
Random Forest,0.1146460843373494,0.44622093023255816
Random Forest,0.11539909638554217,0.44622093023255816
Random Forest,0.11539909638554217,0.4476744186046512
Random Forest,0.11558734939759036,0.4476744186046512
Random Forest,0.11558734939759036,0.45058139534883723
Random Forest,0.11634036144578314,0.45058139534883723
Random Forest,0.11634036144578314,0.45203488372093026
Random Forest,0.11671686746987951,0.45203488372093026
Random Forest,0.11671686746987951,0.45348837209302323
Random Forest,0.11746987951807229,0.45348837209302323
Random Forest,0.11746987951807229,0.45494186046511625
Random Forest,0.11935240963855422,0.45494186046511625
Random Forest,0.11935240963855422,0.4563953488372093
Random Forest,0.1197289156626506,0.4563953488372093
Random Forest,0.1197289156626506,0.4578488372093023
Random Forest,0.12010542168674698,0.4578488372093023
Random Forest,0.12010542168674698,0.45930232558139533
Random Forest,0.12179969879518072,0.45930232558139533
Random Forest,0.12179969879518072,0.4636627906976744
Random Forest,0.12274096385542169,0.4636627906976744
Random Forest,0.12274096385542169,0.46511627906976744
Random Forest,0.12292921686746988,0.46511627906976744
Random Forest,0.12292921686746988,0.46656976744186046
Random Forest,0.12368222891566265,0.46656976744186046
Random Forest,0.12368222891566265,0.47093023255813954
Random Forest,0.12556475903614459,0.47093023255813954
Random Forest,0.12556475903614459,0.47238372093023256
Random Forest,0.12594126506024098,0.47238372093023256
Random Forest,0.12594126506024098,0.4738372093023256
Random Forest,0.12669427710843373,0.4738372093023256
Random Forest,0.12669427710843373,0.47674418604651164
Random Forest,0.1274472891566265,0.47674418604651164
Random Forest,0.1274472891566265,0.47819767441860467
Random Forest,0.12989457831325302,0.47819767441860467
Random Forest,0.12989457831325302,0.4796511627906977
Random Forest,0.1304593373493976,0.4796511627906977
Random Forest,0.1304593373493976,0.4811046511627907
Random Forest,0.13064759036144577,0.4811046511627907
Random Forest,0.13064759036144577,0.48255813953488375
Random Forest,0.13121234939759036,0.48255813953488375
Random Forest,0.13121234939759036,0.48546511627906974
Random Forest,0.13196536144578314,0.48546511627906974
Random Forest,0.13196536144578314,0.48691860465116277
Random Forest,0.13685993975903615,0.48691860465116277
Random Forest,0.13685993975903615,0.4883720930232558
Random Forest,0.13874246987951808,0.4883720930232558
Random Forest,0.13874246987951808,0.4898255813953488
Random Forest,0.13893072289156627,0.4898255813953488
Random Forest,0.13893072289156627,0.49127906976744184
Random Forest,0.1404367469879518,0.49127906976744184
Random Forest,0.1404367469879518,0.49273255813953487
Random Forest,0.14194277108433734,0.49273255813953487
Random Forest,0.14194277108433734,0.49709302325581395
Random Forest,0.14269578313253012,0.49709302325581395
Random Forest,0.14269578313253012,0.498546511627907
Random Forest,0.1430722891566265,0.498546511627907
Random Forest,0.1430722891566265,0.5
Random Forest,0.14401355421686746,0.5
Random Forest,0.14401355421686746,0.501453488372093
Random Forest,0.14495481927710843,0.501453488372093
Random Forest,0.14495481927710843,0.502906976744186
Random Forest,0.14533132530120482,0.502906976744186
Random Forest,0.14533132530120482,0.5058139534883721
Random Forest,0.1457078313253012,0.5058139534883721
Random Forest,0.1457078313253012,0.5072674418604651
Random Forest,0.1460843373493976,0.5072674418604651
Random Forest,0.1460843373493976,0.5087209302325582
Random Forest,0.14871987951807228,0.5087209302325582
Random Forest,0.14871987951807228,0.5116279069767442
Random Forest,0.14947289156626506,0.5116279069767442
Random Forest,0.14947289156626506,0.5130813953488372
Random Forest,0.15060240963855423,0.5130813953488372
Random Forest,0.15060240963855423,0.5145348837209303
Random Forest,0.1509789156626506,0.5145348837209303
Random Forest,0.1509789156626506,0.5159883720930233
Random Forest,0.15154367469879518,0.5159883720930233
Random Forest,0.15154367469879518,0.5174418604651163
Random Forest,0.15267319277108435,0.5174418604651163
Random Forest,0.15267319277108435,0.5188953488372093
Random Forest,0.1530496987951807,0.5188953488372093
Random Forest,0.1530496987951807,0.5203488372093024
Random Forest,0.15455572289156627,0.5203488372093024
Random Forest,0.15455572289156627,0.5218023255813954
Random Forest,0.15474397590361447,0.5218023255813954
Random Forest,0.15474397590361447,0.5232558139534884
Random Forest,0.15530873493975902,0.5232558139534884
Random Forest,0.15530873493975902,0.5247093023255814
Random Forest,0.1560617469879518,0.5247093023255814
Random Forest,0.1560617469879518,0.5290697674418605
Random Forest,0.1566265060240964,0.5290697674418605
Random Forest,0.1566265060240964,0.5305232558139535
Random Forest,0.15756777108433734,0.5305232558139535
Random Forest,0.15756777108433734,0.5319767441860465
Random Forest,0.15775602409638553,0.5319767441860465
Random Forest,0.15775602409638553,0.5363372093023255
Random Forest,0.1585090361445783,0.5363372093023255
Random Forest,0.1585090361445783,0.5377906976744186
Random Forest,0.16302710843373494,0.5377906976744186
Random Forest,0.16302710843373494,0.5406976744186046
Random Forest,0.16359186746987953,0.5406976744186046
Random Forest,0.16359186746987953,0.5421511627906976
Random Forest,0.16434487951807228,0.5421511627906976
Random Forest,0.16434487951807228,0.5436046511627907
Random Forest,0.16566265060240964,0.5436046511627907
Random Forest,0.16566265060240964,0.5465116279069767
Random Forest,0.16585090361445784,0.5465116279069767
Random Forest,0.16585090361445784,0.5479651162790697
Random Forest,0.16810993975903615,0.5479651162790697
Random Forest,0.16810993975903615,0.5494186046511628
Random Forest,0.1696159638554217,0.5494186046511628
Random Forest,0.1696159638554217,0.5508720930232558
Random Forest,0.17093373493975902,0.5508720930232558
Random Forest,0.17093373493975902,0.5523255813953488
Random Forest,0.1720632530120482,0.5523255813953488
Random Forest,0.1720632530120482,0.5537790697674418
Random Forest,0.17356927710843373,0.5537790697674418
Random Forest,0.17356927710843373,0.5552325581395349
Random Forest,0.1746987951807229,0.5552325581395349
Random Forest,0.1746987951807229,0.5566860465116279
Random Forest,0.17658132530120482,0.5566860465116279
Random Forest,0.17658132530120482,0.5581395348837209
Random Forest,0.17676957831325302,0.5581395348837209
Random Forest,0.17676957831325302,0.559593023255814
Random Forest,0.17808734939759036,0.559593023255814
Random Forest,0.17808734939759036,0.5625
Random Forest,0.17846385542168675,0.5625
Random Forest,0.17846385542168675,0.563953488372093
Random Forest,0.17884036144578314,0.563953488372093
Random Forest,0.17884036144578314,0.565406976744186
Random Forest,0.17921686746987953,0.565406976744186
Random Forest,0.17921686746987953,0.5668604651162791
Random Forest,0.17978162650602408,0.5668604651162791
Random Forest,0.17978162650602408,0.5683139534883721
Random Forest,0.18260542168674698,0.5683139534883721
Random Forest,0.18260542168674698,0.5697674418604651
Random Forest,0.18279367469879518,0.5697674418604651
Random Forest,0.18279367469879518,0.5712209302325582
Random Forest,0.18392319277108435,0.5712209302325582
Random Forest,0.18392319277108435,0.5741279069767442
Random Forest,0.1852409638554217,0.5741279069767442
Random Forest,0.1852409638554217,0.5755813953488372
Random Forest,0.18580572289156627,0.5755813953488372
Random Forest,0.18580572289156627,0.5770348837209303
Random Forest,0.18637048192771086,0.5770348837209303
Random Forest,0.18637048192771086,0.5784883720930233
Random Forest,0.18862951807228914,0.5784883720930233
Random Forest,0.18862951807228914,0.5799418604651163
Random Forest,0.1907003012048193,0.5799418604651163
Random Forest,0.1907003012048193,0.5813953488372093
Random Forest,0.19107680722891565,0.5813953488372093
Random Forest,0.19107680722891565,0.5828488372093024
Random Forest,0.19145331325301204,0.5828488372093024
Random Forest,0.19145331325301204,0.5843023255813954
Random Forest,0.19465361445783133,0.5843023255813954
Random Forest,0.19465361445783133,0.5857558139534884
Random Forest,0.19691265060240964,0.5857558139534884
Random Forest,0.19691265060240964,0.5872093023255814
Random Forest,0.1976656626506024,0.5872093023255814
Random Forest,0.1976656626506024,0.5886627906976745
Random Forest,0.19898343373493976,0.5886627906976745
Random Forest,0.19898343373493976,0.5901162790697675
Random Forest,0.19973644578313254,0.5901162790697675
Random Forest,0.19973644578313254,0.5915697674418605
Random Forest,0.20237198795180722,0.5915697674418605
Random Forest,0.20237198795180722,0.5930232558139535
Random Forest,0.2033132530120482,0.5930232558139535
Random Forest,0.2033132530120482,0.5944767441860465
Random Forest,0.2035015060240964,0.5944767441860465
Random Forest,0.2035015060240964,0.5959302325581395
Random Forest,0.20500753012048192,0.5959302325581395
Random Forest,0.20500753012048192,0.5973837209302325
Random Forest,0.20689006024096385,0.5973837209302325
Random Forest,0.20689006024096385,0.6031976744186046
Random Forest,0.20745481927710843,0.6031976744186046
Random Forest,0.20745481927710843,0.6046511627906976
Random Forest,0.20896084337349397,0.6046511627906976
Random Forest,0.20896084337349397,0.6061046511627907
Random Forest,0.20990210843373494,0.6061046511627907
Random Forest,0.20990210843373494,0.6075581395348837
Random Forest,0.21084337349397592,0.6075581395348837
Random Forest,0.21084337349397592,0.6104651162790697
Random Forest,0.2134789156626506,0.6104651162790697
Random Forest,0.2134789156626506,0.6119186046511628
Random Forest,0.2136671686746988,0.6119186046511628
Random Forest,0.2136671686746988,0.6133720930232558
Random Forest,0.21498493975903615,0.6133720930232558
Random Forest,0.21498493975903615,0.6148255813953488
Random Forest,0.21762048192771086,0.6148255813953488
Random Forest,0.21762048192771086,0.6162790697674418
Random Forest,0.2189382530120482,0.6162790697674418
Random Forest,0.2189382530120482,0.6206395348837209
Random Forest,0.22251506024096385,0.6206395348837209
Random Forest,0.22251506024096385,0.622093023255814
Random Forest,0.22270331325301204,0.622093023255814
Random Forest,0.22270331325301204,0.623546511627907
Random Forest,0.22364457831325302,0.623546511627907
Random Forest,0.22364457831325302,0.625
Random Forest,0.2240210843373494,0.625
Random Forest,0.2240210843373494,0.626453488372093
Random Forest,0.22533885542168675,0.626453488372093
Random Forest,0.22533885542168675,0.627906976744186
Random Forest,0.22590361445783133,0.627906976744186
Random Forest,0.22590361445783133,0.6293604651162791
Random Forest,0.22985692771084337,0.6293604651162791
Random Forest,0.22985692771084337,0.6308139534883721
Random Forest,0.23004518072289157,0.6308139534883721
Random Forest,0.23004518072289157,0.6337209302325582
Random Forest,0.2315512048192771,0.6337209302325582
Random Forest,0.2315512048192771,0.6351744186046512
Random Forest,0.23343373493975902,0.6351744186046512
Random Forest,0.23343373493975902,0.6366279069767442
Random Forest,0.23381024096385541,0.6366279069767442
Random Forest,0.23381024096385541,0.6380813953488372
Random Forest,0.2347515060240964,0.6380813953488372
Random Forest,0.2347515060240964,0.6395348837209303
Random Forest,0.23569277108433734,0.6395348837209303
Random Forest,0.23569277108433734,0.6409883720930233
Random Forest,0.23814006024096385,0.6409883720930233
Random Forest,0.23814006024096385,0.6424418604651163
Random Forest,0.23889307228915663,0.6424418604651163
Random Forest,0.23889307228915663,0.6438953488372093
Random Forest,0.23926957831325302,0.6438953488372093
Random Forest,0.23926957831325302,0.6453488372093024
Random Forest,0.24058734939759036,0.6453488372093024
Random Forest,0.24058734939759036,0.6468023255813954
Random Forest,0.24190512048192772,0.6468023255813954
Random Forest,0.24190512048192772,0.6497093023255814
Random Forest,0.24397590361445784,0.6497093023255814
Random Forest,0.24397590361445784,0.6526162790697675
Random Forest,0.24435240963855423,0.6526162790697675
Random Forest,0.24435240963855423,0.6555232558139535
Random Forest,0.2471762048192771,0.6555232558139535
Random Forest,0.2471762048192771,0.6569767441860465
Random Forest,0.24868222891566266,0.6569767441860465
Random Forest,0.24868222891566266,0.6584302325581395
Random Forest,0.2503765060240964,0.6584302325581395
Random Forest,0.2503765060240964,0.6598837209302325
Random Forest,0.25169427710843373,0.6598837209302325
Random Forest,0.25169427710843373,0.6613372093023255
Random Forest,0.25338855421686746,0.6613372093023255
Random Forest,0.25338855421686746,0.6627906976744186
Random Forest,0.25658885542168675,0.6627906976744186
Random Forest,0.25658885542168675,0.6656976744186046
Random Forest,0.2567771084337349,0.6656976744186046
Random Forest,0.2567771084337349,0.6671511627906976
Random Forest,0.2577183734939759,0.6671511627906976
Random Forest,0.2577183734939759,0.6686046511627907
Random Forest,0.2588478915662651,0.6686046511627907
Random Forest,0.2588478915662651,0.6715116279069767
Random Forest,0.25941265060240964,0.6715116279069767
Random Forest,0.25941265060240964,0.6729651162790697
Random Forest,0.25978915662650603,0.6729651162790697
Random Forest,0.25978915662650603,0.6744186046511628
Random Forest,0.26185993975903615,0.6744186046511628
Random Forest,0.26185993975903615,0.6758720930232558
Random Forest,0.26449548192771083,0.6758720930232558
Random Forest,0.26449548192771083,0.6773255813953488
Random Forest,0.265625,0.6773255813953488
Random Forest,0.265625,0.6787790697674418
Random Forest,0.2663780120481928,0.6787790697674418
Random Forest,0.2663780120481928,0.6802325581395349
Random Forest,0.2688253012048193,0.6802325581395349
Random Forest,0.2688253012048193,0.6816860465116279
Random Forest,0.2701430722891566,0.6816860465116279
Random Forest,0.2701430722891566,0.6831395348837209
Random Forest,0.2729668674698795,0.6831395348837209
Random Forest,0.2729668674698795,0.684593023255814
Random Forest,0.27503765060240964,0.684593023255814
Random Forest,0.27503765060240964,0.686046511627907
Random Forest,0.2756024096385542,0.686046511627907
Random Forest,0.2756024096385542,0.688953488372093
Random Forest,0.28012048192771083,0.688953488372093
Random Forest,0.28012048192771083,0.690406976744186
Random Forest,0.28125,0.690406976744186
Random Forest,0.28125,0.6918604651162791
Random Forest,0.2816265060240964,0.6918604651162791
Random Forest,0.2816265060240964,0.6933139534883721
Random Forest,0.28708584337349397,0.6933139534883721
Random Forest,0.28708584337349397,0.6947674418604651
Random Forest,0.28783885542168675,0.6947674418604651
Random Forest,0.28783885542168675,0.6962209302325582
Random Forest,0.2912274096385542,0.6962209302325582
Random Forest,0.2912274096385542,0.6976744186046512
Random Forest,0.30346385542168675,0.6976744186046512
Random Forest,0.30346385542168675,0.6991279069767442
Random Forest,0.3053463855421687,0.6991279069767442
Random Forest,0.3053463855421687,0.7005813953488372
Random Forest,0.30628765060240964,0.7005813953488372
Random Forest,0.30628765060240964,0.7020348837209303
Random Forest,0.3104292168674699,0.7020348837209303
Random Forest,0.3104292168674699,0.7034883720930233
Random Forest,0.3121234939759036,0.7034883720930233
Random Forest,0.3121234939759036,0.7049418604651163
Random Forest,0.31306475903614456,0.7049418604651163
Random Forest,0.31306475903614456,0.7078488372093024
Random Forest,0.3160768072289157,0.7078488372093024
Random Forest,0.3160768072289157,0.7093023255813954
Random Forest,0.31664156626506024,0.7093023255813954
Random Forest,0.31664156626506024,0.7107558139534884
Random Forest,0.32868975903614456,0.7107558139534884
Random Forest,0.32868975903614456,0.7122093023255814
Random Forest,0.3337725903614458,0.7122093023255814
Random Forest,0.3337725903614458,0.7151162790697675
Random Forest,0.3413027108433735,0.7151162790697675
Random Forest,0.3413027108433735,0.7165697674418605
Random Forest,0.34431475903614456,0.7165697674418605
Random Forest,0.34431475903614456,0.7180232558139535
Random Forest,0.3463855421686747,0.7180232558139535
Random Forest,0.3463855421686747,0.7194767441860465
Random Forest,0.34676204819277107,0.7194767441860465
Random Forest,0.34676204819277107,0.7209302325581395
Random Forest,0.35316265060240964,0.7209302325581395
Random Forest,0.35316265060240964,0.7223837209302325
Random Forest,0.3539156626506024,0.7223837209302325
Random Forest,0.3539156626506024,0.7238372093023255
Random Forest,0.35993975903614456,0.7238372093023255
Random Forest,0.35993975903614456,0.7252906976744186
Random Forest,0.3648343373493976,0.7252906976744186
Random Forest,0.3648343373493976,0.7267441860465116
Random Forest,0.3667168674698795,0.7267441860465116
Random Forest,0.3667168674698795,0.7281976744186046
Random Forest,0.3725527108433735,0.7281976744186046
Random Forest,0.3725527108433735,0.7296511627906976
Random Forest,0.37368222891566266,0.7296511627906976
Random Forest,0.37368222891566266,0.7311046511627907
Random Forest,0.3849774096385542,0.7311046511627907
Random Forest,0.3849774096385542,0.7325581395348837
Random Forest,0.3861069277108434,0.7325581395348837
Random Forest,0.3861069277108434,0.7340116279069767
Random Forest,0.38667168674698793,0.7340116279069767
Random Forest,0.38667168674698793,0.7354651162790697
Random Forest,0.3910015060240964,0.7354651162790697
Random Forest,0.3910015060240964,0.7369186046511628
Random Forest,0.39928463855421686,0.7369186046511628
Random Forest,0.39928463855421686,0.7383720930232558
Random Forest,0.40248493975903615,0.7383720930232558
Random Forest,0.40248493975903615,0.7398255813953488
Random Forest,0.4066265060240964,0.7398255813953488
Random Forest,0.4066265060240964,0.7412790697674418
Random Forest,0.4109563253012048,0.7412790697674418
Random Forest,0.4109563253012048,0.7427325581395349
Random Forest,0.4167921686746988,0.7427325581395349
Random Forest,0.4167921686746988,0.7441860465116279
Random Forest,0.4171686746987952,0.7441860465116279
Random Forest,0.4171686746987952,0.7456395348837209
Random Forest,0.41754518072289154,0.7456395348837209
Random Forest,0.41754518072289154,0.747093023255814
Random Forest,0.4198042168674699,0.747093023255814
Random Forest,0.4198042168674699,0.748546511627907
Random Forest,0.42093373493975905,0.748546511627907
Random Forest,0.42093373493975905,0.75
Random Forest,0.42281626506024095,0.75
Random Forest,0.42281626506024095,0.751453488372093
Random Forest,0.42300451807228917,0.751453488372093
Random Forest,0.42300451807228917,0.752906976744186
Random Forest,0.4254518072289157,0.752906976744186
Random Forest,0.4254518072289157,0.7543604651162791
Random Forest,0.43373493975903615,0.7543604651162791
Random Forest,0.43373493975903615,0.7558139534883721
Random Forest,0.43411144578313254,0.7558139534883721
Random Forest,0.43411144578313254,0.7572674418604651
Random Forest,0.442394578313253,0.7572674418604651
Random Forest,0.442394578313253,0.7587209302325582
Random Forest,0.4463478915662651,0.7587209302325582
Random Forest,0.4463478915662651,0.7601744186046512
Random Forest,0.4467243975903614,0.7601744186046512
Random Forest,0.4467243975903614,0.7616279069767442
Random Forest,0.448230421686747,0.7616279069767442
Random Forest,0.448230421686747,0.7630813953488372
Random Forest,0.4557605421686747,0.7630813953488372
Random Forest,0.4557605421686747,0.7645348837209303
Random Forest,0.45707831325301207,0.7645348837209303
Random Forest,0.45707831325301207,0.7659883720930233
Random Forest,0.4619728915662651,0.7659883720930233
Random Forest,0.4619728915662651,0.7688953488372093
Random Forest,0.4651731927710843,0.7688953488372093
Random Forest,0.4651731927710843,0.7703488372093024
Random Forest,0.46780873493975905,0.7703488372093024
Random Forest,0.46780873493975905,0.7718023255813954
Random Forest,0.46856174698795183,0.7718023255813954
Random Forest,0.46856174698795183,0.7732558139534884
Random Forest,0.47044427710843373,0.7732558139534884
Random Forest,0.47044427710843373,0.7747093023255814
Random Forest,0.4708207831325301,0.7747093023255814
Random Forest,0.4708207831325301,0.7776162790697675
Random Forest,0.473644578313253,0.7776162790697675
Random Forest,0.473644578313253,0.7790697674418605
Random Forest,0.4759036144578313,0.7790697674418605
Random Forest,0.4759036144578313,0.7805232558139535
Random Forest,0.4789156626506024,0.7805232558139535
Random Forest,0.4789156626506024,0.7819767441860465
Random Forest,0.4791039156626506,0.7819767441860465
Random Forest,0.4791039156626506,0.7834302325581395
Random Forest,0.479480421686747,0.7834302325581395
Random Forest,0.479480421686747,0.7848837209302325
Random Forest,0.48286897590361444,0.7848837209302325
Random Forest,0.48286897590361444,0.7863372093023255
Random Forest,0.484375,0.7863372093023255
Random Forest,0.484375,0.7877906976744186
Random Forest,0.4890813253012048,0.7877906976744186
Random Forest,0.4890813253012048,0.7892441860465116
Random Forest,0.49341114457831325,0.7892441860465116
Random Forest,0.49341114457831325,0.7906976744186046
Random Forest,0.4996234939759036,0.7906976744186046
Random Forest,0.4996234939759036,0.7921511627906976
Random Forest,0.5,0.7921511627906976
Random Forest,0.5,0.7936046511627907
Random Forest,0.5016942771084337,0.7936046511627907
Random Forest,0.5016942771084337,0.7950581395348837
Random Forest,0.5114834337349398,0.7950581395348837
Random Forest,0.5114834337349398,0.7965116279069767
Random Forest,0.5141189759036144,0.7965116279069767
Random Forest,0.5141189759036144,0.7979651162790697
Random Forest,0.5158132530120482,0.7979651162790697
Random Forest,0.5158132530120482,0.7994186046511628
Random Forest,0.5188253012048193,0.7994186046511628
Random Forest,0.5188253012048193,0.8023255813953488
Random Forest,0.5288027108433735,0.8023255813953488
Random Forest,0.5288027108433735,0.8037790697674418
Random Forest,0.5338855421686747,0.8037790697674418
Random Forest,0.5338855421686747,0.8052325581395349
Random Forest,0.5344503012048193,0.8052325581395349
Random Forest,0.5344503012048193,0.8066860465116279
Random Forest,0.5368975903614458,0.8066860465116279
Random Forest,0.5368975903614458,0.8081395348837209
Random Forest,0.5425451807228916,0.8081395348837209
Random Forest,0.5425451807228916,0.809593023255814
Random Forest,0.5446159638554217,0.809593023255814
Random Forest,0.5446159638554217,0.811046511627907
Random Forest,0.5464984939759037,0.811046511627907
Random Forest,0.5464984939759037,0.8125
Random Forest,0.5474397590361446,0.8125
Random Forest,0.5474397590361446,0.813953488372093
Random Forest,0.5521460843373494,0.813953488372093
Random Forest,0.5521460843373494,0.815406976744186
Random Forest,0.5564759036144579,0.815406976744186
Random Forest,0.5564759036144579,0.8168604651162791
Random Forest,0.5598644578313253,0.8168604651162791
Random Forest,0.5598644578313253,0.8183139534883721
Random Forest,0.5645707831325302,0.8183139534883721
Random Forest,0.5645707831325302,0.8197674418604651
Random Forest,0.5653237951807228,0.8197674418604651
Random Forest,0.5653237951807228,0.8212209302325582
Random Forest,0.568335843373494,0.8212209302325582
Random Forest,0.568335843373494,0.8226744186046512
Random Forest,0.5721009036144579,0.8226744186046512
Random Forest,0.5721009036144579,0.8241279069767442
Random Forest,0.5743599397590361,0.8241279069767442
Random Forest,0.5743599397590361,0.8270348837209303
Random Forest,0.5751129518072289,0.8270348837209303
Random Forest,0.5751129518072289,0.8284883720930233
Random Forest,0.583960843373494,0.8284883720930233
Random Forest,0.583960843373494,0.8299418604651163
Random Forest,0.5852786144578314,0.8299418604651163
Random Forest,0.5852786144578314,0.8313953488372093
Random Forest,0.5864081325301205,0.8313953488372093
Random Forest,0.5864081325301205,0.8328488372093024
Random Forest,0.5896084337349398,0.8328488372093024
Random Forest,0.5896084337349398,0.8343023255813954
Random Forest,0.5914909638554217,0.8343023255813954
Random Forest,0.5914909638554217,0.8372093023255814
Random Forest,0.5954442771084337,0.8372093023255814
Random Forest,0.5954442771084337,0.8386627906976745
Random Forest,0.5969503012048193,0.8386627906976745
Random Forest,0.5969503012048193,0.8401162790697675
Random Forest,0.6170933734939759,0.8401162790697675
Random Forest,0.6170933734939759,0.8415697674418605
Random Forest,0.6197289156626506,0.8415697674418605
Random Forest,0.6197289156626506,0.8430232558139535
Random Forest,0.620105421686747,0.8430232558139535
Random Forest,0.620105421686747,0.8444767441860465
Random Forest,0.6242469879518072,0.8444767441860465
Random Forest,0.6242469879518072,0.8459302325581395
Random Forest,0.6251882530120482,0.8459302325581395
Random Forest,0.6251882530120482,0.8473837209302325
Random Forest,0.6280120481927711,0.8473837209302325
Random Forest,0.6280120481927711,0.8488372093023255
Random Forest,0.6325301204819277,0.8488372093023255
Random Forest,0.6325301204819277,0.8502906976744186
Random Forest,0.6327183734939759,0.8502906976744186
Random Forest,0.6327183734939759,0.8517441860465116
Random Forest,0.6355421686746988,0.8517441860465116
Random Forest,0.6355421686746988,0.8531976744186046
Random Forest,0.6381777108433735,0.8531976744186046
Random Forest,0.6381777108433735,0.8546511627906976
Random Forest,0.6383659638554217,0.8546511627906976
Random Forest,0.6383659638554217,0.8561046511627907
Random Forest,0.6385542168674698,0.8561046511627907
Random Forest,0.6385542168674698,0.8575581395348837
Random Forest,0.6453313253012049,0.8575581395348837
Random Forest,0.6453313253012049,0.8604651162790697
Random Forest,0.6468373493975904,0.8604651162790697
Random Forest,0.6468373493975904,0.8619186046511628
Random Forest,0.6624623493975904,0.8619186046511628
Random Forest,0.6624623493975904,0.8633720930232558
Random Forest,0.6645331325301205,0.8633720930232558
Random Forest,0.6645331325301205,0.8648255813953488
Random Forest,0.6664156626506024,0.8648255813953488
Random Forest,0.6664156626506024,0.8662790697674418
Random Forest,0.6765813253012049,0.8662790697674418
Random Forest,0.6765813253012049,0.8677325581395349
Random Forest,0.6771460843373494,0.8677325581395349
Random Forest,0.6771460843373494,0.8691860465116279
Random Forest,0.6794051204819277,0.8691860465116279
Random Forest,0.6794051204819277,0.8706395348837209
Random Forest,0.681664156626506,0.8706395348837209
Random Forest,0.681664156626506,0.872093023255814
Random Forest,0.6844879518072289,0.872093023255814
Random Forest,0.6844879518072289,0.873546511627907
Random Forest,0.6863704819277109,0.873546511627907
Random Forest,0.6863704819277109,0.875
Random Forest,0.6908885542168675,0.875
Random Forest,0.6908885542168675,0.876453488372093
Random Forest,0.693335843373494,0.876453488372093
Random Forest,0.693335843373494,0.877906976744186
Random Forest,0.7027484939759037,0.877906976744186
Random Forest,0.7027484939759037,0.8793604651162791
Random Forest,0.7057605421686747,0.8793604651162791
Random Forest,0.7057605421686747,0.8808139534883721
Random Forest,0.7127259036144579,0.8808139534883721
Random Forest,0.7127259036144579,0.8822674418604651
Random Forest,0.7140436746987951,0.8822674418604651
Random Forest,0.7140436746987951,0.8837209302325582
Random Forest,0.7147966867469879,0.8837209302325582
Random Forest,0.7147966867469879,0.8851744186046512
Random Forest,0.7179969879518072,0.8851744186046512
Random Forest,0.7179969879518072,0.8880813953488372
Random Forest,0.7211972891566265,0.8880813953488372
Random Forest,0.7211972891566265,0.8895348837209303
Random Forest,0.7215737951807228,0.8895348837209303
Random Forest,0.7215737951807228,0.8909883720930233
Random Forest,0.7221385542168675,0.8909883720930233
Random Forest,0.7221385542168675,0.8924418604651163
Random Forest,0.7223268072289156,0.8924418604651163
Random Forest,0.7223268072289156,0.8953488372093024
Random Forest,0.7296686746987951,0.8953488372093024
Random Forest,0.7296686746987951,0.8968023255813954
Random Forest,0.7321159638554217,0.8968023255813954
Random Forest,0.7321159638554217,0.8982558139534884
Random Forest,0.7405873493975904,0.8982558139534884
Random Forest,0.7405873493975904,0.8997093023255814
Random Forest,0.7413403614457831,0.8997093023255814
Random Forest,0.7413403614457831,0.9011627906976745
Random Forest,0.7447289156626506,0.9011627906976745
Random Forest,0.7447289156626506,0.9026162790697675
Random Forest,0.7449171686746988,0.9026162790697675
Random Forest,0.7449171686746988,0.9040697674418605
Random Forest,0.7454819277108434,0.9040697674418605
Random Forest,0.7454819277108434,0.9055232558139535
Random Forest,0.7467996987951807,0.9055232558139535
Random Forest,0.7467996987951807,0.9069767441860465
Random Forest,0.7601656626506024,0.9069767441860465
Random Forest,0.7601656626506024,0.9084302325581395
Random Forest,0.764683734939759,0.9084302325581395
Random Forest,0.764683734939759,0.9098837209302325
Random Forest,0.7692018072289156,0.9098837209302325
Random Forest,0.7692018072289156,0.9113372093023255
Random Forest,0.7799322289156626,0.9113372093023255
Random Forest,0.7799322289156626,0.9142441860465116
Random Forest,0.7853915662650602,0.9142441860465116
Random Forest,0.7853915662650602,0.9156976744186046
Random Forest,0.7895331325301205,0.9156976744186046
Random Forest,0.7895331325301205,0.9171511627906976
Random Forest,0.7900978915662651,0.9171511627906976
Random Forest,0.7900978915662651,0.9200581395348837
Random Forest,0.7908509036144579,0.9200581395348837
Random Forest,0.7908509036144579,0.9215116279069767
Random Forest,0.7951807228915663,0.9215116279069767
Random Forest,0.7951807228915663,0.9229651162790697
Random Forest,0.7996987951807228,0.9229651162790697
Random Forest,0.7996987951807228,0.9244186046511628
Random Forest,0.8038403614457831,0.9244186046511628
Random Forest,0.8038403614457831,0.9258720930232558
Random Forest,0.8042168674698795,0.9258720930232558
Random Forest,0.8042168674698795,0.9273255813953488
Random Forest,0.8117469879518072,0.9273255813953488
Random Forest,0.8117469879518072,0.9287790697674418
Random Forest,0.8140060240963856,0.9287790697674418
Random Forest,0.8140060240963856,0.9302325581395349
Random Forest,0.8155120481927711,0.9302325581395349
Random Forest,0.8155120481927711,0.9316860465116279
Random Forest,0.8181475903614458,0.9316860465116279
Random Forest,0.8181475903614458,0.9331395348837209
Random Forest,0.8243599397590361,0.9331395348837209
Random Forest,0.8243599397590361,0.934593023255814
Random Forest,0.8269954819277109,0.934593023255814
Random Forest,0.8269954819277109,0.936046511627907
Random Forest,0.8288780120481928,0.936046511627907
Random Forest,0.8288780120481928,0.9375
Random Forest,0.8309487951807228,0.9375
Random Forest,0.8309487951807228,0.938953488372093
Random Forest,0.8345256024096386,0.938953488372093
Random Forest,0.8345256024096386,0.940406976744186
Random Forest,0.8394201807228916,0.940406976744186
Random Forest,0.8394201807228916,0.9418604651162791
Random Forest,0.8401731927710844,0.9418604651162791
Random Forest,0.8401731927710844,0.9433139534883721
Random Forest,0.8433734939759037,0.9433139534883721
Random Forest,0.8433734939759037,0.9447674418604651
Random Forest,0.848644578313253,0.9447674418604651
Random Forest,0.848644578313253,0.9462209302325582
Random Forest,0.8601280120481928,0.9462209302325582
Random Forest,0.8601280120481928,0.9476744186046512
Random Forest,0.8669051204819277,0.9476744186046512
Random Forest,0.8669051204819277,0.9491279069767442
Random Forest,0.8704819277108434,0.9491279069767442
Random Forest,0.8704819277108434,0.9505813953488372
Random Forest,0.8768825301204819,0.9505813953488372
Random Forest,0.8768825301204819,0.9520348837209303
Random Forest,0.8814006024096386,0.9520348837209303
Random Forest,0.8814006024096386,0.9549418604651163
Random Forest,0.8817771084337349,0.9549418604651163
Random Forest,0.8817771084337349,0.9563953488372093
Random Forest,0.8846009036144579,0.9563953488372093
Random Forest,0.8846009036144579,0.9578488372093024
Random Forest,0.8866716867469879,0.9578488372093024
Random Forest,0.8866716867469879,0.9593023255813954
Random Forest,0.8876129518072289,0.9593023255813954
Random Forest,0.8876129518072289,0.9607558139534884
Random Forest,0.8883659638554217,0.9607558139534884
Random Forest,0.8883659638554217,0.9622093023255814
Random Forest,0.8902484939759037,0.9622093023255814
Random Forest,0.8902484939759037,0.9636627906976745
Random Forest,0.890625,0.9636627906976745
Random Forest,0.890625,0.9651162790697675
Random Forest,0.9064382530120482,0.9651162790697675
Random Forest,0.9064382530120482,0.9665697674418605
Random Forest,0.9098268072289156,0.9665697674418605
Random Forest,0.9098268072289156,0.9680232558139535
Random Forest,0.9141566265060241,0.9680232558139535
Random Forest,0.9141566265060241,0.9694767441860465
Random Forest,0.9269578313253012,0.9694767441860465
Random Forest,0.9269578313253012,0.9709302325581395
Random Forest,0.9273343373493976,0.9709302325581395
Random Forest,0.9273343373493976,0.9723837209302325
Random Forest,0.9331701807228916,0.9723837209302325
Random Forest,0.9331701807228916,0.9738372093023255
Random Forest,0.9346762048192772,0.9738372093023255
Random Forest,0.9346762048192772,0.9752906976744186
Random Forest,0.9373117469879518,0.9752906976744186
Random Forest,0.9373117469879518,0.9767441860465116
Random Forest,0.9412650602409639,0.9767441860465116
Random Forest,0.9412650602409639,0.9781976744186046
Random Forest,0.9467243975903614,0.9781976744186046
Random Forest,0.9467243975903614,0.9796511627906976
Random Forest,0.9495481927710844,0.9796511627906976
Random Forest,0.9495481927710844,0.9811046511627907
Random Forest,0.9497364457831325,0.9811046511627907
Random Forest,0.9497364457831325,0.9825581395348837
Random Forest,0.9516189759036144,0.9825581395348837
Random Forest,0.9516189759036144,0.9840116279069767
Random Forest,0.9533132530120482,0.9840116279069767
Random Forest,0.9533132530120482,0.9854651162790697
Random Forest,0.9544427710843374,0.9854651162790697
Random Forest,0.9544427710843374,0.9869186046511628
Random Forest,0.9576430722891566,0.9869186046511628
Random Forest,0.9576430722891566,0.9883720930232558
Random Forest,0.9608433734939759,0.9883720930232558
Random Forest,0.9608433734939759,0.9898255813953488
Random Forest,0.9610316265060241,0.9898255813953488
Random Forest,0.9610316265060241,0.9912790697674418
Random Forest,0.9657379518072289,0.9912790697674418
Random Forest,0.9657379518072289,0.9927325581395349
Random Forest,0.9727033132530121,0.9927325581395349
Random Forest,0.9727033132530121,0.9941860465116279
Random Forest,0.979480421686747,0.9941860465116279
Random Forest,0.979480421686747,0.9956395348837209
Random Forest,0.9813629518072289,0.9956395348837209
Random Forest,0.9813629518072289,0.997093023255814
Random Forest,0.9873870481927711,0.997093023255814
Random Forest,0.9873870481927711,0.998546511627907
Random Forest,0.9939759036144579,0.998546511627907
Random Forest,0.9939759036144579,1.0
Random Forest,1.0,1.0
